{"type":"FeatureCollection","features":[{"type":"Feature","properties":{"adcode":110000,"name":"北京市","center":[116.405285,39.904989],"centroid":[116.41995,40.18994],"childrenNum":16,"level":"province","parent":{"adcode":100000},"subFeatureIndex":0,"acroutes":[100000]},"geometry":{"type":"MultiPolygon","coordinates":[[[[117.348611,40.581141],[117.348611,40.581141],[117.269771,40.560684],[117.247597,40.539766],[117.262995,40.512927],[117.208793,40.501552],[117.263611,40.442367],[117.234046,40.417312],[117.226039,40.368997],[117.295024,40.2782],[117.331365,40.289613],[117.351075,40.229786],[117.389879,40.227958],[117.349227,40.136513],[117.025243,40.030283],[116.945171,40.04128],[116.927924,40.055024],[116.781331,40.034866],[116.757925,39.967934],[116.782563,39.947749],[116.78441,39.891294],[116.918069,39.84628],[116.949482,39.778703],[116.902055,39.763523],[116.906366,39.677444],[116.8497,39.66777],[116.812128,39.615695],[116.79057,39.595868],[116.592237,39.621227],[116.524484,39.596329],[116.443796,39.510041],[116.401912,39.528046],[116.411767,39.482794],[116.444412,39.482332],[116.454883,39.453226],[116.434557,39.442597],[116.257782,39.500344],[116.240536,39.564041],[116.198652,39.589412],[116.151841,39.583416],[116.130283,39.567732],[115.978146,39.595868],[115.957204,39.560812],[115.910393,39.600479],[115.910393,39.600479],[115.806299,39.510041],[115.752712,39.515581],[115.667712,39.615234],[115.518039,39.597252],[115.522351,39.640124],[115.478619,39.650723],[115.478619,39.650723],[115.491554,39.670074],[115.486626,39.741899],[115.439815,39.752022],[115.443511,39.785601],[115.567314,39.816407],[115.514344,39.837549],[115.522967,39.899099],[115.481083,39.935819],[115.426264,39.950502],[115.454597,40.029825],[115.599959,40.119583],[115.75456,40.145663],[115.75456,40.145663],[115.773654,40.176307],[115.806299,40.15344],[115.847567,40.147036],[115.89869,40.234354],[115.968907,40.264045],[115.95166,40.281852],[115.917784,40.354405],[115.864197,40.359422],[115.771806,40.443734],[115.781045,40.49336],[115.736082,40.503372],[115.755176,40.540221],[115.907929,40.617493],[115.971986,40.6025],[115.982457,40.578868],[116.162928,40.662451],[116.247311,40.791707],[116.273181,40.762703],[116.311369,40.754996],[116.316912,40.772221],[116.453651,40.765876],[116.339702,40.929303],[116.370499,40.94377],[116.398216,40.90624],[116.477057,40.899907],[116.447492,40.953715],[116.455499,40.980828],[116.598397,40.974503],[116.623034,41.021026],[116.615643,41.053076],[116.647672,41.059394],[116.688324,41.044501],[116.698795,41.021477],[116.677853,40.970888],[116.722201,40.927495],[116.713577,40.909858],[116.848468,40.839264],[116.964881,40.709647],[117.208177,40.694675],[117.278394,40.664267],[117.319662,40.657911],[117.342451,40.673799],[117.408973,40.686961],[117.493973,40.675161],[117.514914,40.660181],[117.501364,40.636569],[117.467487,40.649738],[117.467487,40.649738],[117.412669,40.605226],[117.429915,40.576141],[117.389879,40.561593],[117.348611,40.581141]]]]}},{"type":"Feature","properties":{"adcode":120000,"name":"天津市","center":[117.190182,39.125596],"centroid":[117.347043,39.288036],"childrenNum":16,"level":"province","parent":{"adcode":100000},"subFeatureIndex":1,"acroutes":[100000]},"geometry":{"type":"MultiPolygon","coordinates":[[[[117.765602,39.400527],[117.699696,39.407463],[117.673211,39.386652],[117.668899,39.412087],[117.614081,39.407001],[117.601146,39.419485],[117.570965,39.404689],[117.521074,39.357043],[117.536472,39.338068],[117.594987,39.349176],[117.669515,39.322792],[117.670747,39.357969],[117.805022,39.373237],[117.850601,39.363984],[117.854297,39.328348],[118.024296,39.289451],[118.064948,39.231065],[117.977485,39.206028],[117.96455,39.172631],[117.871543,39.122506],[117.837667,39.057011],[117.855529,38.957492],[117.898029,38.948649],[117.875855,38.920252],[117.847522,38.855502],[117.778536,38.869016],[117.752051,38.847579],[117.64611,38.828933],[117.646725,38.788827],[117.671363,38.772032],[117.740964,38.753833],[117.740964,38.700141],[117.729261,38.680055],[117.65658,38.66043],[117.639334,38.626776],[117.25314,38.556143],[117.258684,38.608072],[117.213104,38.639866],[117.213104,38.639866],[117.109626,38.584685],[117.070822,38.608072],[117.055424,38.639398],[117.068358,38.680522],[116.877417,38.680522],[116.858939,38.741231],[116.746222,38.754299],[116.737599,38.784629],[116.75115,38.831264],[116.708034,38.931892],[116.754229,39.034701],[116.871874,39.054688],[116.912526,39.110898],[116.855859,39.215766],[116.881729,39.225966],[116.881729,39.225966],[116.87249,39.291304],[116.889736,39.338068],[116.870642,39.357506],[116.829374,39.338994],[116.818287,39.3737],[116.876185,39.43474],[116.832454,39.435664],[116.785026,39.465702],[116.820751,39.482332],[116.819519,39.528507],[116.78749,39.554352],[116.808432,39.576497],[116.812128,39.615695],[116.932236,39.706456],[116.964265,39.64335],[117.152742,39.623532],[117.177996,39.645194],[117.161981,39.748801],[117.205713,39.763984],[117.15767,39.796638],[117.156438,39.817326],[117.192162,39.832953],[117.251908,39.834332],[117.247597,39.860981],[117.162597,39.876598],[117.150894,39.944996],[117.198322,39.992697],[117.192162,40.066475],[117.349227,40.136513],[117.415748,40.248973],[117.548791,40.232527],[117.675059,40.082045],[117.776073,40.059605],[117.74774,40.047236],[117.744044,40.018368],[117.793319,40.005534],[117.781616,39.966558],[117.546327,39.999116],[117.508139,39.901854],[117.561726,39.799856],[117.546327,39.775943],[117.56111,39.754782],[117.595603,39.74604],[117.57774,39.726711],[117.627015,39.703693],[117.668899,39.666849],[117.66274,39.636437],[117.637486,39.603246],[117.654117,39.575113],[117.684914,39.58895],[117.707088,39.576036],[117.715711,39.529892],[117.766834,39.598635],[117.933753,39.574191],[117.871543,39.411625],[117.846906,39.407926],[117.765602,39.400527]]]]}},{"type":"Feature","properties":{"adcode":130000,"name":"河北省","center":[114.502461,38.045474],"childrenNum":11,"level":"province","parent":{"adcode":100000},"subFeatureIndex":2,"acroutes":[100000]},"geometry":{"type":"MultiPolygon","coordinates":[[[[117.467487,40.649738],[117.467487,40.649738],[117.501364,40.636569],[117.514914,40.660181],[117.493973,40.675161],[117.408973,40.686961],[117.342451,40.673799],[117.319662,40.657911],[117.278394,40.664267],[117.208177,40.694675],[116.964881,40.709647],[116.848468,40.839264],[116.713577,40.909858],[116.722201,40.927495],[116.677853,40.970888],[116.698795,41.021477],[116.688324,41.044501],[116.647672,41.059394],[116.615643,41.053076],[116.623034,41.021026],[116.598397,40.974503],[116.455499,40.980828],[116.447492,40.953715],[116.477057,40.899907],[116.398216,40.90624],[116.370499,40.94377],[116.339702,40.929303],[116.453651,40.765876],[116.316912,40.772221],[116.311369,40.754996],[116.273181,40.762703],[116.247311,40.791707],[116.162928,40.662451],[115.982457,40.578868],[115.971986,40.6025],[115.907929,40.617493],[115.755176,40.540221],[115.736082,40.503372],[115.781045,40.49336],[115.771806,40.443734],[115.864197,40.359422],[115.917784,40.354405],[115.95166,40.281852],[115.968907,40.264045],[115.89869,40.234354],[115.847567,40.147036],[115.806299,40.15344],[115.773654,40.176307],[115.75456,40.145663],[115.75456,40.145663],[115.599959,40.119583],[115.454597,40.029825],[115.426264,39.950502],[115.481083,39.935819],[115.522967,39.899099],[115.514344,39.837549],[115.567314,39.816407],[115.443511,39.785601],[115.439815,39.752022],[115.486626,39.741899],[115.478619,39.650723],[115.522351,39.640124],[115.518039,39.597252],[115.667712,39.615234],[115.752712,39.515581],[115.806299,39.510041],[115.806299,39.510041],[115.910393,39.600479],[115.957204,39.560812],[115.978146,39.595868],[116.130283,39.567732],[116.151841,39.583416],[116.198652,39.589412],[116.240536,39.564041],[116.257782,39.500344],[116.434557,39.442597],[116.454883,39.453226],[116.444412,39.482332],[116.411767,39.482794],[116.401912,39.528046],[116.443796,39.510041],[116.524484,39.596329],[116.592237,39.621227],[116.592237,39.621227],[116.723432,39.59264],[116.709266,39.618],[116.748686,39.619844],[116.79057,39.595868],[116.812128,39.615695],[116.808432,39.576497],[116.78749,39.554352],[116.819519,39.528507],[116.820751,39.482332],[116.785026,39.465702],[116.832454,39.435664],[116.876185,39.43474],[116.818287,39.3737],[116.829374,39.338994],[116.870642,39.357506],[116.889736,39.338068],[116.881729,39.225966],[116.855859,39.215766],[116.912526,39.110898],[116.871874,39.054688],[116.754229,39.034701],[116.708034,38.931892],[116.75115,38.831264],[116.737599,38.784629],[116.746222,38.754299],[116.858939,38.741231],[116.877417,38.680522],[117.068358,38.680522],[117.055424,38.639398],[117.070822,38.608072],[117.109626,38.584685],[117.213104,38.639866],[117.258684,38.608072],[117.258684,38.608072],[117.238358,38.580943],[117.25314,38.556143],[117.639334,38.626776],[117.638102,38.54491],[117.68553,38.539293],[117.644878,38.52759],[117.781,38.373862],[117.957775,38.376208],[117.808718,38.22827],[117.771145,38.134655],[117.746508,38.12524],[117.704624,38.076262],[117.586979,38.071551],[117.438538,37.854035],[116.804736,37.848837],[116.433941,37.473142],[116.336007,37.581355],[116.295355,37.554316],[116.278724,37.524895],[116.290427,37.484065],[116.27626,37.466967],[116.224522,37.479791],[116.243,37.447965],[116.226369,37.428007],[116.2855,37.404241],[116.236224,37.361442],[116.193109,37.365723],[116.169087,37.384271],[115.975682,37.337179],[115.969523,37.239572],[115.909777,37.20669],[115.888219,37.112254],[115.85619,37.060694],[115.776734,36.992848],[115.79706,36.968945],[115.75764,36.902453],[115.71206,36.883308],[115.683727,36.808117],[115.524815,36.763543],[115.479851,36.760187],[115.272895,36.497476],[115.291374,36.460423],[115.317243,36.454166],[115.297533,36.413239],[115.340033,36.398307],[115.368982,36.342409],[115.366518,36.30914],[115.423185,36.32216],[115.417025,36.292742],[115.474923,36.248352],[115.483547,36.148865],[115.465068,36.170125],[115.365902,36.099074],[115.312931,36.088436],[115.201446,36.210214],[115.06286,36.178338],[114.998186,36.069572],[114.914419,36.052155],[114.926737,36.089403],[114.912571,36.140649],[114.771521,36.124699],[114.734564,36.15563],[114.588587,36.118414],[114.345291,36.255591],[114.2104,36.272962],[114.170364,36.245938],[114.175907,36.264759],[114.129096,36.280199],[114.080437,36.269585],[114.04348,36.303353],[114.056415,36.329392],[114.002828,36.334214],[113.981887,36.31782],[113.962792,36.353977],[113.911054,36.314927],[113.882104,36.353977],[113.813119,36.332285],[113.755221,36.366026],[113.731199,36.363135],[113.708409,36.423352],[113.587069,36.460904],[113.554425,36.494589],[113.559968,36.528741],[113.588917,36.547974],[113.54457,36.62342],[113.486671,36.635427],[113.476816,36.655114],[113.506997,36.705029],[113.465113,36.707908],[113.680692,36.789907],[113.676381,36.855539],[113.696707,36.882351],[113.773083,36.85506],[113.773083,37.151855],[113.832213,37.167594],[113.853155,37.215269],[113.886416,37.239095],[113.90243,37.310052],[114.118625,37.59084],[114.115545,37.619761],[114.139567,37.675676],[114.12848,37.698409],[114.068118,37.721608],[113.993589,37.706932],[113.996669,37.730128],[114.044712,37.761834],[114.006524,37.813386],[113.976959,37.816696],[113.959097,37.906468],[113.872249,37.990471],[113.876561,38.055059],[113.811271,38.117707],[113.831597,38.16854],[113.797105,38.162894],[113.720728,38.174656],[113.711489,38.213695],[113.598772,38.22733],[113.570439,38.237202],[113.54457,38.270569],[113.557504,38.343359],[113.525475,38.383245],[113.537794,38.417952],[113.583374,38.459671],[113.546417,38.492936],[113.561816,38.558483],[113.603084,38.587024],[113.612939,38.645942],[113.70225,38.651551],[113.720728,38.713218],[113.775547,38.709949],[113.802648,38.763166],[113.839605,38.7585],[113.836525,38.795824],[113.855619,38.828933],[113.795257,38.860628],[113.776163,38.885788],[113.76754,38.959819],[113.898119,39.067699],[114.050872,39.135969],[114.10877,39.052364],[114.345907,39.075133],[114.388406,39.176807],[114.443841,39.174023],[114.47587,39.21623],[114.416124,39.242654],[114.437066,39.259337],[114.430906,39.307513],[114.466631,39.329736],[114.469095,39.400989],[114.568877,39.573729],[114.51529,39.564964],[114.49558,39.608318],[114.431522,39.613851],[114.408117,39.652106],[114.395182,39.867412],[114.215943,39.8619],[114.212248,39.918839],[114.17406,39.897722],[114.067502,39.922511],[114.047176,39.916085],[114.028082,39.959218],[114.029314,39.985819],[113.910438,40.015618],[113.959097,40.033491],[113.989278,40.11226],[114.018227,40.103563],[114.045944,40.056856],[114.086596,40.071513],[114.073046,40.168533],[114.097683,40.193681],[114.135871,40.175392],[114.180219,40.191395],[114.235654,40.198252],[114.255364,40.236182],[114.46971,40.268155],[114.510978,40.302851],[114.530688,40.345283],[114.31203,40.372645],[114.267066,40.474242],[114.283081,40.590685],[114.236269,40.607043],[114.104458,40.797597],[114.080437,40.790348],[114.044712,40.830661],[114.073661,40.857372],[114.057647,40.925234],[113.994821,40.938798],[113.819279,41.09774],[113.996669,41.19238],[114.016379,41.231999],[113.992357,41.269794],[113.971416,41.239649],[113.899351,41.316108],[113.92522,41.325546],[113.94493,41.392477],[113.871017,41.413126],[113.933227,41.487139],[114.101379,41.537779],[114.230726,41.513584],[114.221487,41.582111],[114.226414,41.616572],[114.259059,41.623282],[114.215328,41.68499],[114.237501,41.698843],[114.200545,41.789934],[114.352066,41.953484],[114.419203,41.942356],[114.478334,41.951704],[114.511594,41.981962],[114.467863,42.025989],[114.510978,42.110844],[114.560254,42.132595],[114.75489,42.115727],[114.789383,42.130819],[114.79431,42.149457],[114.825723,42.139695],[114.86268,42.097967],[114.860832,42.054879],[114.9021,42.015763],[114.939056,41.846132],[114.922426,41.825175],[114.868839,41.813579],[114.89594,41.76762],[114.902716,41.695715],[114.895325,41.636255],[114.860832,41.60091],[115.0992,41.62373],[115.195287,41.602253],[115.20391,41.571367],[115.290142,41.622835],[115.310468,41.592854],[115.377605,41.603148],[115.319091,41.691693],[115.346808,41.712247],[115.654162,41.829189],[115.834632,41.93835],[115.85311,41.927665],[115.916552,41.945027],[116.007095,41.79752],[116.034196,41.782795],[116.09887,41.776547],[116.129051,41.805996],[116.106877,41.831419],[116.122892,41.861734],[116.194341,41.861734],[116.212819,41.885352],[116.223906,41.932562],[116.298434,41.96817],[116.310137,41.997086],[116.373579,42.009983],[116.414231,41.982407],[116.393289,41.942802],[116.510933,41.974399],[116.553433,41.928555],[116.796113,41.977958],[116.879881,42.018431],[116.890352,42.092639],[116.789338,42.200462],[116.903287,42.190708],[116.886656,42.366496],[116.921765,42.403628],[117.09546,42.484004],[117.390495,42.461933],[117.413284,42.471645],[117.410205,42.519743],[117.387415,42.517537],[117.387415,42.517537],[117.475494,42.602613],[117.667051,42.582347],[117.801326,42.612744],[117.797631,42.585431],[118.024296,42.385064],[118.008898,42.346595],[118.060021,42.298364],[117.977485,42.229716],[118.033535,42.199132],[118.106216,42.172082],[118.089586,42.12283],[118.097593,42.105072],[118.155491,42.081091],[118.116687,42.037102],[118.194296,42.031324],[118.239259,42.092639],[118.27252,42.083312],[118.296541,42.057545],[118.286686,42.033991],[118.239875,42.024655],[118.291614,42.007759],[118.313788,41.98819],[118.306396,41.940131],[118.268824,41.930336],[118.340273,41.87243],[118.335346,41.845241],[118.29223,41.772976],[118.178281,41.814917],[118.140093,41.784134],[118.132702,41.733241],[118.206614,41.650566],[118.215237,41.59554],[118.302701,41.55256],[118.315636,41.512688],[118.271904,41.471446],[118.327338,41.450816],[118.348896,41.428384],[118.361215,41.384844],[118.348896,41.342622],[118.380309,41.312062],[118.412338,41.331838],[118.528135,41.355202],[118.741866,41.324198],[118.770199,41.352956],[118.843496,41.374516],[118.844727,41.342622],[118.890923,41.300823],[118.949437,41.317906],[119.197661,41.282837],[119.211827,41.308016],[119.239545,41.31431],[119.2494,41.279689],[119.209364,41.244599],[119.204436,41.222546],[119.169943,41.222996],[119.189038,41.198234],[119.126212,41.138767],[119.081248,41.131555],[119.080632,41.095936],[118.937118,41.052625],[118.951901,41.018317],[119.013495,41.007479],[119.00056,40.967273],[118.90201,40.960946],[118.873061,40.847866],[118.845959,40.822057],[118.878604,40.783098],[118.907553,40.775394],[118.895234,40.75409],[118.950053,40.747743],[119.054763,40.664721],[119.184726,40.680153],[119.14469,40.632482],[119.162552,40.600228],[119.177951,40.609315],[119.230921,40.603863],[119.22045,40.569322],[119.256175,40.543404],[119.559217,40.547952],[119.572152,40.523846],[119.553674,40.502007],[119.604797,40.455119],[119.586934,40.375381],[119.598021,40.334335],[119.651608,40.271808],[119.639289,40.231613],[119.639289,40.231613],[119.745847,40.207851],[119.760629,40.136056],[119.736608,40.104936],[119.787115,40.041739],[119.854252,40.033033],[119.872114,39.960594],[119.842549,39.956007],[119.820375,39.979399],[119.540739,39.888079],[119.520413,39.840306],[119.536427,39.809052],[119.474217,39.813189],[119.366428,39.734996],[119.269726,39.498497],[119.316537,39.437051],[119.317153,39.4107],[119.272805,39.363521],[119.185342,39.342234],[118.926031,39.123435],[118.890307,39.118792],[118.896466,39.139683],[118.951285,39.178662],[118.814546,39.138754],[118.76096,39.133648],[118.637156,39.157319],[118.578642,39.130863],[118.588497,39.107648],[118.533062,39.090928],[118.570634,38.999363],[118.604511,38.971452],[118.539837,38.910008],[118.491178,38.909077],[118.377845,38.971917],[118.366143,39.016104],[118.319331,39.009594],[118.225092,39.034701],[118.12531,39.182838],[118.077883,39.201854],[118.070492,39.213911],[118.026144,39.201854],[118.064948,39.256094],[118.024296,39.289451],[117.854297,39.328348],[117.850601,39.363984],[117.850601,39.363984],[117.810565,39.354729],[117.871543,39.411625],[117.933753,39.574191],[117.766834,39.598635],[117.715711,39.529892],[117.707088,39.576036],[117.684914,39.58895],[117.654117,39.575113],[117.637486,39.603246],[117.66274,39.636437],[117.668899,39.666849],[117.546327,39.775943],[117.514914,39.946832],[117.534625,39.954631],[117.546327,39.999116],[117.781616,39.966558],[117.793319,40.005534],[117.744044,40.018368],[117.74774,40.047236],[117.776073,40.059605],[117.675059,40.082045],[117.548791,40.232527],[117.505059,40.227044],[117.450241,40.252627],[117.351075,40.229786],[117.331365,40.289613],[117.295024,40.2782],[117.226039,40.368997],[117.234046,40.417312],[117.263611,40.442367],[117.208793,40.501552],[117.262995,40.512927],[117.247597,40.539766],[117.269771,40.560684],[117.429915,40.576141],[117.412669,40.605226],[117.467487,40.649738]]],[[[117.210024,40.082045],[117.192162,40.066475],[117.198322,39.992697],[117.150894,39.944996],[117.162597,39.876598],[117.162597,39.876598],[117.227887,39.852712],[117.247597,39.860981],[117.251908,39.834332],[117.192162,39.832953],[117.156438,39.817326],[117.15767,39.796638],[117.205713,39.763984],[117.161981,39.748801],[117.177996,39.645194],[117.152742,39.623532],[116.983359,39.638742],[116.932236,39.706456],[116.90575,39.688037],[116.889736,39.687576],[116.902055,39.763523],[116.949482,39.778703],[116.918069,39.84628],[116.78441,39.891294],[116.782563,39.947749],[116.757925,39.967934],[116.781331,40.034866],[116.927924,40.055024],[116.945171,40.04128],[117.025243,40.030283],[117.051728,40.059605],[117.210024,40.082045]]],[[[117.784696,39.376938],[117.74466,39.354729],[117.670747,39.357969],[117.669515,39.322792],[117.521074,39.357043],[117.570965,39.404689],[117.601146,39.419485],[117.784696,39.376938]]]]}},{"type":"Feature","properties":{"adcode":140000,"name":"山西省","center":[112.549248,37.857014],"centroid":[112.304436,37.618179],"childrenNum":11,"level":"province","parent":{"adcode":100000},"subFeatureIndex":3,"acroutes":[100000]},"geometry":{"type":"MultiPolygon","coordinates":[[[[110.379257,34.600612],[110.29549,34.610956],[110.269004,34.629671],[110.229584,34.692679],[110.230816,34.880925],[110.373714,35.134351],[110.374946,35.251728],[110.45009,35.327933],[110.609619,35.632031],[110.549257,35.877778],[110.511684,35.879718],[110.516612,35.971796],[110.447011,36.164328],[110.496902,36.582102],[110.394656,36.676716],[110.402663,36.697352],[110.438388,36.685835],[110.447011,36.737649],[110.407591,36.776007],[110.424221,36.855539],[110.376178,36.882351],[110.408823,36.892403],[110.424221,36.963685],[110.381721,37.002408],[110.382953,37.022001],[110.426685,37.008621],[110.690307,37.287201],[110.678604,37.317668],[110.695234,37.34955],[110.641648,37.360015],[110.630561,37.372858],[110.644111,37.435135],[110.740198,37.44939],[110.795017,37.558586],[110.775306,37.680886],[110.706321,37.705511],[110.716792,37.728708],[110.750669,37.736281],[110.735886,37.77035],[110.680452,37.790216],[110.59422,37.922049],[110.522771,37.955088],[110.509221,38.192061],[110.528315,38.211814],[110.565887,38.215105],[110.57759,38.297345],[110.601612,38.308147],[110.661358,38.308617],[110.701394,38.353215],[110.746973,38.366355],[110.77777,38.440924],[110.874473,38.453579],[110.870777,38.510265],[110.907733,38.521035],[110.920052,38.581878],[110.898494,38.587024],[110.880632,38.626776],[111.009363,38.847579],[111.009979,38.932823],[110.980414,38.970056],[111.138095,39.064447],[111.247732,39.302419],[111.125776,39.366297],[111.143022,39.407926],[111.358601,39.432428],[111.372152,39.479099],[111.431282,39.508656],[111.445448,39.640124],[111.497187,39.661781],[111.659179,39.641507],[111.722621,39.606013],[111.783599,39.58895],[111.9382,39.623071],[111.925265,39.66731],[111.959758,39.692642],[111.970229,39.796638],[112.310227,40.256281],[112.456205,40.300112],[112.744464,40.167161],[112.848558,40.206937],[112.898449,40.329317],[113.03334,40.368997],[113.083231,40.374925],[113.251382,40.413211],[113.27602,40.388601],[113.316672,40.319736],[113.559968,40.348476],[113.794641,40.517932],[113.850691,40.460583],[113.890112,40.466503],[113.948626,40.514747],[114.011452,40.515657],[114.061959,40.52885],[114.080437,40.547952],[114.076741,40.575686],[114.041633,40.608861],[114.07243,40.679246],[114.063806,40.706925],[114.084748,40.729605],[114.134639,40.737314],[114.236269,40.607043],[114.283081,40.590685],[114.267066,40.474242],[114.31203,40.372645],[114.530688,40.345283],[114.510978,40.302851],[114.46971,40.268155],[114.255364,40.236182],[114.235654,40.198252],[114.180219,40.191395],[114.135871,40.175392],[114.097683,40.193681],[114.073046,40.168533],[114.073046,40.168533],[114.101995,40.099901],[114.086596,40.071513],[114.045944,40.056856],[114.018227,40.103563],[113.989278,40.11226],[113.959097,40.033491],[113.910438,40.015618],[114.029314,39.985819],[114.028082,39.959218],[114.047176,39.916085],[114.067502,39.922511],[114.17406,39.897722],[114.212248,39.918839],[114.215943,39.8619],[114.395182,39.867412],[114.408117,39.652106],[114.431522,39.613851],[114.49558,39.608318],[114.51529,39.564964],[114.568877,39.573729],[114.469095,39.400989],[114.466631,39.329736],[114.430906,39.307513],[114.437066,39.259337],[114.416124,39.242654],[114.47587,39.21623],[114.443841,39.174023],[114.388406,39.176807],[114.345907,39.075133],[114.10877,39.052364],[114.050872,39.135969],[113.898119,39.067699],[113.76754,38.959819],[113.776163,38.885788],[113.795257,38.860628],[113.855619,38.828933],[113.836525,38.795824],[113.839605,38.7585],[113.802648,38.763166],[113.775547,38.709949],[113.720728,38.713218],[113.70225,38.651551],[113.612939,38.645942],[113.603084,38.587024],[113.561816,38.558483],[113.546417,38.492936],[113.583374,38.459671],[113.537794,38.417952],[113.525475,38.383245],[113.557504,38.343359],[113.54457,38.270569],[113.570439,38.237202],[113.598772,38.22733],[113.711489,38.213695],[113.720728,38.174656],[113.797105,38.162894],[113.831597,38.16854],[113.811271,38.117707],[113.876561,38.055059],[113.872249,37.990471],[113.959097,37.906468],[113.976959,37.816696],[114.006524,37.813386],[114.044712,37.761834],[113.996669,37.730128],[113.993589,37.706932],[114.068118,37.721608],[114.12848,37.698409],[114.139567,37.675676],[114.115545,37.619761],[114.118625,37.59084],[113.90243,37.310052],[113.886416,37.239095],[113.853155,37.215269],[113.832213,37.167594],[113.773083,37.151855],[113.773083,36.85506],[113.696707,36.882351],[113.676381,36.855539],[113.680692,36.789907],[113.465113,36.707908],[113.506997,36.705029],[113.476816,36.655114],[113.486671,36.635427],[113.54457,36.62342],[113.588917,36.547974],[113.559968,36.528741],[113.554425,36.494589],[113.708409,36.423352],[113.731199,36.363135],[113.681924,36.216491],[113.697939,36.181719],[113.651127,36.174473],[113.705946,36.148865],[113.712721,36.129533],[113.655439,36.125182],[113.671453,36.115514],[113.68562,36.056026],[113.660366,36.034735],[113.694859,36.026991],[113.678844,35.985841],[113.648663,35.994073],[113.654207,35.931586],[113.637576,35.870019],[113.660982,35.837035],[113.582758,35.818111],[113.625258,35.632518],[113.578446,35.633491],[113.547649,35.656835],[113.55812,35.621816],[113.513773,35.57364],[113.49899,35.532254],[113.348085,35.468429],[113.31236,35.481101],[113.304353,35.426989],[113.243375,35.449418],[113.189789,35.44893],[113.126347,35.332327],[113.067217,35.353806],[112.996384,35.362104],[112.985913,35.33965],[112.992072,35.29619],[112.884283,35.243909],[112.822073,35.258082],[112.772798,35.207732],[112.720443,35.206265],[112.628052,35.263457],[112.637291,35.225822],[112.288053,35.219956],[112.304684,35.251728],[112.242474,35.234622],[112.058924,35.280069],[112.078634,35.219467],[112.03983,35.194039],[112.062004,35.056005],[111.933272,35.083435],[111.810084,35.062374],[111.807005,35.032977],[111.740483,35.00455],[111.664107,34.984449],[111.681969,34.9511],[111.570484,34.843114],[111.255123,34.819535],[111.232949,34.789559],[111.148566,34.807742],[111.118385,34.756623],[111.035233,34.740887],[110.976103,34.706456],[110.920052,34.730068],[110.903422,34.669056],[110.883712,34.64395],[110.824582,34.615881],[110.791937,34.649858],[110.749437,34.65232],[110.710017,34.605045],[110.379257,34.600612]]]]}},{"type":"Feature","properties":{"adcode":150000,"name":"内蒙古自治区","center":[111.670801,40.818311],"centroid":[114.077429,44.331087],"childrenNum":12,"level":"province","parent":{"adcode":100000},"subFeatureIndex":4,"acroutes":[100000]},"geometry":{"type":"Polygon","coordinates":[[[97.172903,42.795257],[98.195362,42.653251],[99.51224,42.568244],[99.969267,42.647969],[100.004376,42.648849],[100.272309,42.636523],[100.32528,42.690213],[100.826655,42.675255],[100.862995,42.671295],[101.803534,42.503861],[101.877447,42.432345],[102.070236,42.232374],[102.093642,42.223512],[102.449039,42.144133],[102.712045,42.153007],[103.418527,41.882233],[103.454868,41.877332],[103.868779,41.802427],[104.080046,41.805104],[104.530298,41.875104],[104.524138,41.661745],[104.923267,41.654143],[105.009498,41.583007],[105.230621,41.751103],[105.291599,41.749763],[105.74185,41.949033],[106.785867,42.291281],[107.051337,42.319166],[107.271844,42.364285],[107.303872,42.412465],[107.46648,42.458842],[107.501589,42.456635],[107.57427,42.412907],[107.736262,42.415116],[107.939522,42.403628],[108.238252,42.460167],[108.845569,42.395673],[108.983539,42.449128],[109.026039,42.458401],[109.291509,42.435879],[109.486761,42.458842],[109.544044,42.472528],[109.683862,42.558988],[109.733753,42.579262],[109.906216,42.635643],[110.108244,42.642687],[110.437156,42.781203],[110.469801,42.839156],[110.631177,42.936061],[110.736502,43.089657],[111.02045,43.329998],[111.456535,43.494329],[111.564325,43.490422],[111.606209,43.513863],[111.79407,43.672068],[111.891388,43.6738],[111.951135,43.693275],[111.970845,43.748205],[111.959758,43.823382],[111.870447,43.940279],[111.662875,44.061247],[111.559397,44.171238],[111.541535,44.206855],[111.534144,44.26217],[111.507042,44.294305],[111.428818,44.319573],[111.415883,44.35724],[111.427586,44.394455],[111.478709,44.488884],[111.569868,44.57634],[111.560629,44.647062],[111.585267,44.705789],[111.624687,44.778477],[111.69244,44.859983],[111.764505,44.969325],[111.903707,45.052252],[112.002874,45.090713],[112.071243,45.096206],[112.113743,45.072965],[112.396459,45.064512],[112.438959,45.071697],[112.540589,45.001072],[112.599719,44.930783],[112.712436,44.879494],[112.850406,44.840466],[113.631417,44.745333],[113.861778,44.863377],[113.907358,44.915104],[114.065038,44.931206],[114.116777,44.957045],[114.459855,45.21353],[114.519602,45.283893],[114.539928,45.325985],[114.551014,45.387383],[114.600906,45.403773],[114.745035,45.438217],[114.920578,45.386122],[114.983404,45.379397],[115.178041,45.396209],[115.36467,45.392427],[115.586408,45.440317],[115.699741,45.45963],[116.035428,45.685013],[116.1155,45.679577],[116.17463,45.688775],[116.286731,45.775247],[116.278108,45.831152],[116.288579,45.839074],[116.243,45.876169],[116.271949,45.966926],[116.585462,46.292504],[116.673541,46.325163],[116.745606,46.327642],[116.81336,46.355737],[116.834302,46.384229],[117.372017,46.36028],[117.392343,46.463023],[117.447777,46.528117],[117.42006,46.582029],[117.49582,46.600535],[117.596218,46.603414],[117.704008,46.516587],[117.748355,46.521941],[117.870927,46.549935],[117.868464,46.575447],[117.914659,46.607936],[118.316252,46.73934],[118.41049,46.728265],[118.446831,46.704467],[118.586033,46.692975],[118.639004,46.721291],[118.677192,46.6979],[118.788061,46.687227],[118.788061,46.717598],[118.845343,46.771731],[118.914329,46.77501],[118.912481,46.733188],[118.951285,46.722111],[119.011647,46.745902],[119.073857,46.676552],[119.123132,46.642872],[119.26295,46.649034],[119.374435,46.603414],[119.431718,46.638763],[119.491464,46.629311],[119.557985,46.633832],[119.598637,46.618214],[119.656535,46.625612],[119.682405,46.605058],[119.677477,46.584908],[119.739687,46.615336],[119.783419,46.626023],[119.8136,46.66834],[119.804361,46.68189],[119.859179,46.669572],[119.911534,46.669572],[119.93494,46.712674],[119.926933,46.903963],[119.859795,46.917046],[119.716282,47.195518],[119.627586,47.247544],[119.56784,47.248357],[119.559217,47.303172],[119.32208,47.42721],[119.365812,47.47739],[119.205052,47.520249],[119.152081,47.540453],[119.134219,47.664335],[118.773278,47.771034],[118.568171,47.992187],[118.124694,48.047427],[118.107448,48.031021],[118.052014,48.01421],[117.813645,48.016212],[117.384335,47.641356],[117.094844,47.8241],[116.879265,47.893968],[116.791186,47.89758],[116.669846,47.890758],[116.453035,47.837358],[116.26579,47.876711],[116.130283,47.823296],[115.939342,47.683275],[115.580249,47.921649],[115.529126,48.155336],[115.81061,48.257042],[115.822929,48.259432],[115.799523,48.514982],[116.077928,48.822471],[116.048363,48.873274],[116.428397,49.430659],[116.717889,49.847288],[116.736367,49.847674],[117.068974,49.695389],[117.278394,49.636512],[117.485349,49.633024],[117.638102,49.574847],[117.809333,49.521263],[117.849369,49.551557],[117.866,49.591532],[118.082811,49.616741],[118.129622,49.669446],[118.156723,49.660149],[118.211542,49.690744],[118.220781,49.729831],[118.384005,49.783958],[118.398787,49.802502],[118.385853,49.827217],[118.443751,49.835709],[118.483787,49.830691],[118.485019,49.866194],[118.531214,49.887791],[118.574946,49.931342],[119.090487,49.985629],[119.12498,50.019095],[119.163168,50.027554],[119.193965,50.069826],[119.190269,50.087877],[119.236465,50.075204],[119.290052,50.121655],[119.309762,50.161161],[119.350414,50.166145],[119.339327,50.192206],[119.358421,50.197953],[119.319001,50.220933],[119.381827,50.324208],[119.358421,50.358965],[119.188422,50.347509],[119.125596,50.389118],[119.165016,50.422683],[119.217371,50.414675],[119.295595,50.573814],[119.281428,50.601551],[119.298059,50.616743],[119.361501,50.632689],[119.394145,50.667219],[119.385522,50.682769],[119.430486,50.684286],[119.450196,50.695281],[119.506862,50.763846],[119.491464,50.87878],[119.764325,51.092017],[119.788346,51.174636],[119.760629,51.212516],[119.784035,51.22601],[119.821607,51.21439],[119.811136,51.281071],[119.946643,51.360736],[119.914614,51.374187],[119.910918,51.390994],[119.97128,51.40033],[119.982983,51.445112],[120.002693,51.459283],[119.982367,51.482396],[119.985447,51.505125],[120.017476,51.52114],[120.052584,51.560967],[120.035954,51.583657],[120.05936,51.634203],[120.100628,51.649058],[120.087077,51.678013],[120.172693,51.679868],[120.40059,51.833605],[120.480046,51.855049],[120.481278,51.885719],[120.656821,51.926333],[120.717799,52.015556],[120.691929,52.026973],[120.690698,52.047221],[120.717183,52.072978],[120.753523,52.085483],[120.786784,52.15787],[120.745516,52.20594],[120.755371,52.258355],[120.627256,52.323878],[120.62356,52.361172],[120.688234,52.427637],[120.687002,52.511489],[120.734429,52.536977],[120.462184,52.64532],[120.396895,52.616261],[120.289721,52.623527],[120.194866,52.578819],[120.125265,52.586819],[120.07599,52.586092],[120.049505,52.598453],[120.035338,52.646409],[120.071063,52.70628],[120.031642,52.773674],[120.297112,52.869872],[120.452945,53.01017],[120.643886,53.106923],[120.690698,53.174771],[120.838523,53.239648],[120.820661,53.269007],[121.098449,53.306929],[121.129246,53.277238],[121.155732,53.285468],[121.227797,53.280459],[121.308485,53.301565],[121.336818,53.325877],[121.416274,53.319443],[121.499426,53.337314],[121.679896,53.240722],[121.665114,53.170467],[121.722396,53.145706],[121.753193,53.147501],[121.817867,53.061631],[121.785838,53.018451],[121.715621,52.997926],[121.677432,52.948192],[121.66265,52.912478],[121.610295,52.892264],[121.604136,52.872401],[121.620766,52.853251],[121.591201,52.824693],[121.182217,52.59918],[121.323883,52.573727],[121.519136,52.456821],[121.63986,52.44442],[121.678664,52.419973],[121.658338,52.3904],[121.715621,52.342894],[121.714389,52.318025],[121.769207,52.308147],[121.841272,52.282526],[121.901018,52.280695],[121.94783,52.298266],[122.168952,52.513674],[122.178191,52.48963],[122.207756,52.469218],[122.310618,52.475416],[122.326016,52.459374],[122.342031,52.414133],[122.419023,52.375057],[122.447356,52.394052],[122.484313,52.341432],[122.478153,52.29607],[122.787355,52.252494],[122.73808,52.153464],[122.690653,52.140243],[122.629059,52.13657],[122.643841,52.111585],[122.625363,52.067459],[122.683877,51.974654],[122.726377,51.978709],[122.729457,51.919321],[122.706051,51.890151],[122.771957,51.779579],[122.749167,51.746613],[122.85634,51.606707],[122.832935,51.581797],[122.874202,51.561339],[122.854492,51.477551],[122.965977,51.386886],[122.965977,51.345786],[123.002934,51.31213],[123.069455,51.321108],[123.294273,51.254111],[123.440251,51.270963],[123.661989,51.319237],[123.660141,51.342795],[123.711264,51.398089],[123.794416,51.361109],[123.842459,51.367462],[123.887423,51.320734],[123.926227,51.300532],[124.239124,51.344664],[124.271769,51.308389],[124.406659,51.272086],[124.443616,51.35812],[124.478108,51.36223],[124.490427,51.380537],[124.62655,51.327465],[124.693687,51.3327],[124.783614,51.392115],[124.864302,51.37979],[124.885244,51.40817],[124.942527,51.447349],[124.917889,51.474196],[124.928976,51.498419],[125.047236,51.529704],[125.073106,51.553526],[125.060171,51.59667],[125.098975,51.658341],[125.12854,51.659083],[125.130388,51.635317],[125.35151,51.623801],[125.700132,51.327465],[125.761726,51.226385],[125.819008,51.227134],[125.850421,51.21364],[125.864588,51.146487],[125.909551,51.138977],[125.946508,51.108176],[125.970529,51.123955],[125.993935,51.119072],[125.976073,51.084498],[126.059225,51.043503],[126.033971,51.011132],[126.041978,50.981753],[126.068464,50.967434],[125.996399,50.906715],[125.997631,50.872738],[125.961906,50.901054],[125.890457,50.805845],[125.836255,50.793363],[125.846726,50.769524],[125.758646,50.746809],[125.825784,50.70362],[125.789443,50.679735],[125.829479,50.56165],[125.627451,50.443268],[125.580024,50.449366],[125.562162,50.438314],[125.583104,50.409717],[125.567089,50.402852],[125.536292,50.420014],[125.522126,50.404759],[125.546763,50.358965],[125.463611,50.295925],[125.448829,50.216338],[125.335496,50.161161],[125.376148,50.137385],[125.311474,50.140453],[125.27883,50.127411],[125.258504,50.103618],[125.328105,50.065985],[125.25296,50.041393],[125.283757,50.036012],[125.297924,50.014481],[125.231402,49.957531],[125.190134,49.959841],[125.245569,49.87198],[125.177815,49.829533],[125.222779,49.799026],[125.219699,49.669058],[125.185207,49.634574],[125.189518,49.652401],[125.164881,49.669446],[125.132236,49.672157],[125.127308,49.655113],[125.23017,49.595411],[125.233866,49.536801],[125.211076,49.539908],[125.228323,49.487063],[125.270822,49.454395],[125.261583,49.322336],[125.214772,49.277066],[125.227707,49.248947],[125.219699,49.189139],[125.117453,49.126127],[125.034302,49.157056],[125.039845,49.17623],[124.983179,49.162535],[124.906802,49.184054],[124.809484,49.115943],[124.828578,49.077933],[124.808252,49.020666],[124.756513,48.967262],[124.744194,48.920487],[124.709086,48.920487],[124.715861,48.885475],[124.697383,48.841775],[124.654267,48.83429],[124.601912,48.632587],[124.579122,48.596582],[124.520608,48.556195],[124.555717,48.467784],[124.507674,48.445558],[124.52492,48.426897],[124.51876,48.378027],[124.579738,48.297269],[124.512601,48.164518],[124.529847,48.146951],[124.415899,48.08782],[124.475029,48.173698],[124.418978,48.181679],[124.412819,48.219175],[124.422058,48.245884],[124.317964,48.35099],[124.314269,48.503881],[124.25945,48.536385],[123.746373,48.197638],[123.705105,48.152142],[123.579453,48.045427],[123.537569,48.021816],[123.300432,47.953723],[123.161846,47.781892],[122.848949,47.67441],[122.765181,47.614333],[122.59395,47.54732],[122.543443,47.495589],[122.507103,47.401291],[122.418407,47.350632],[122.615508,47.124306],[122.852645,47.072158],[122.77442,46.973837],[122.798442,46.9575],[122.791051,46.941567],[122.83971,46.937072],[122.895144,46.960359],[122.893913,46.895376],[122.906847,46.80738],[122.996774,46.761483],[123.00355,46.730726],[123.163694,46.74016],[123.221592,46.850373],[123.295505,46.865105],[123.341084,46.826628],[123.374345,46.837683],[123.40699,46.906416],[123.404526,46.935438],[123.360179,46.970978],[123.304128,46.964852],[123.301664,46.999965],[123.337389,46.988943],[123.42362,46.934212],[123.487678,46.959951],[123.52833,46.944836],[123.483366,46.84587],[123.506772,46.827038],[123.562823,46.82581],[123.575757,46.845461],[123.576989,46.891286],[123.605322,46.891286],[123.599163,46.868378],[123.625648,46.847508],[123.580069,46.827447],[123.629344,46.813524],[123.631808,46.728675],[123.603475,46.68928],[123.276411,46.660947],[123.279491,46.616981],[123.228368,46.588198],[123.04605,46.617803],[123.052825,46.579972],[123.002318,46.574624],[123.010325,46.524823],[123.011557,46.434984],[123.178476,46.248239],[123.102716,46.172037],[123.112571,46.130163],[123.070071,46.123527],[123.04605,46.099878],[122.792898,46.073313],[122.828623,45.912406],[122.752246,45.834905],[122.792283,45.766063],[122.751015,45.735996],[122.741775,45.705077],[122.671558,45.70048],[122.650001,45.731401],[122.640761,45.771072],[122.603189,45.778169],[122.556378,45.82156],[122.522501,45.786933],[122.504639,45.786933],[122.496016,45.85825],[122.446125,45.916986],[122.362357,45.917403],[122.372828,45.856166],[122.253952,45.7982],[122.236705,45.831569],[122.200981,45.857],[122.091344,45.882002],[122.085184,45.912406],[122.040221,45.959022],[121.843736,46.024301],[121.819098,46.023054],[121.761816,45.998947],[121.809243,45.961102],[121.817251,45.875336],[121.754425,45.794862],[121.644172,45.752284],[121.666345,45.727641],[121.713773,45.701734],[121.811091,45.687103],[121.812323,45.704659],[121.867142,45.719703],[121.934279,45.71051],[121.970004,45.692956],[122.003264,45.623102],[121.995873,45.59882],[121.966308,45.596308],[121.993409,45.552741],[122.002648,45.507882],[122.064242,45.472641],[122.168336,45.439897],[122.147394,45.295682],[122.239169,45.276313],[122.22993,45.206784],[122.192358,45.180636],[122.143082,45.183167],[122.109822,45.142236],[122.079025,44.914256],[122.04946,44.912985],[122.098119,44.81882],[122.099967,44.7823],[122.168952,44.770405],[122.142467,44.753833],[122.110438,44.767856],[122.10243,44.736406],[122.152322,44.744057],[122.161561,44.728328],[122.117213,44.701961],[122.103046,44.67388],[122.113517,44.615546],[122.13138,44.577619],[122.196053,44.559712],[122.224386,44.526016],[122.228082,44.480345],[122.28598,44.477783],[122.271198,44.255741],[122.319241,44.233018],[122.483081,44.236877],[122.675254,44.285738],[122.702971,44.319145],[122.76087,44.369648],[122.85634,44.398304],[123.025108,44.493153],[123.06576,44.505959],[123.12489,44.5098],[123.128585,44.367081],[123.196955,44.34483],[123.277027,44.25274],[123.286882,44.211574],[123.323838,44.179823],[123.386664,44.161794],[123.32815,44.084035],[123.331229,44.028984],[123.365722,44.013922],[123.400831,43.979481],[123.37065,43.970006],[123.397135,43.954929],[123.467968,43.853599],[123.48275,43.737396],[123.536953,43.633964],[123.510468,43.624867],[123.5117,43.592801],[123.421157,43.598435],[123.452569,43.545971],[123.360179,43.567223],[123.304744,43.550742],[123.329998,43.519071],[123.315831,43.492159],[123.36449,43.483475],[123.382968,43.469143],[123.419925,43.410046],[123.442098,43.437863],[123.486446,43.44525],[123.608402,43.366119],[123.703873,43.37047],[123.698329,43.272071],[123.664453,43.264663],[123.676771,43.223684],[123.645974,43.208855],[123.666916,43.179623],[123.572678,43.003498],[123.536337,43.007],[123.474743,43.042438],[123.259165,42.993431],[123.18402,42.925983],[123.188947,42.895739],[123.169853,42.859777],[123.227752,42.831695],[123.118114,42.801405],[123.058368,42.768903],[122.887137,42.770221],[122.883442,42.751766],[122.848949,42.712203],[122.733152,42.786034],[122.653696,42.78252],[122.624747,42.773296],[122.556378,42.827745],[122.436886,42.843105],[122.35127,42.830378],[122.371596,42.776371],[122.439349,42.770221],[122.460907,42.755282],[122.396234,42.707366],[122.396234,42.684054],[122.338951,42.669975],[122.204676,42.732867],[122.204676,42.685374],[122.062394,42.723635],[122.018663,42.69901],[121.939207,42.688453],[121.889931,42.556784],[121.69899,42.438529],[121.66573,42.437204],[121.604136,42.495037],[121.607831,42.516214],[121.570875,42.487093],[121.386093,42.474294],[121.070732,42.254083],[120.883487,42.269585],[120.883487,42.242565],[120.8299,42.252755],[120.466496,42.105516],[120.493597,42.073539],[120.450481,42.057101],[120.456641,42.016208],[120.271859,41.925439],[120.286641,41.880005],[120.188707,41.848361],[120.096316,41.697056],[120.035954,41.708226],[120.041498,41.818932],[119.845629,42.097079],[119.841933,42.215534],[119.617115,42.252755],[119.539507,42.297922],[119.571536,42.335536],[119.572152,42.359421],[119.540123,42.363401],[119.502551,42.388159],[119.482841,42.347037],[119.432949,42.317396],[119.34795,42.300578],[119.280197,42.260728],[119.274037,42.239021],[119.237697,42.200905],[119.384906,42.08953],[119.375667,42.023322],[119.324544,41.969505],[119.334399,41.871539],[119.312841,41.80555],[119.292515,41.790827],[119.317769,41.764049],[119.307914,41.657273],[119.420015,41.567785],[119.362116,41.566442],[119.361501,41.545841],[119.406464,41.503276],[119.376283,41.422102],[119.309762,41.405944],[119.330704,41.385293],[119.296211,41.325097],[119.197661,41.282837],[118.949437,41.317906],[118.890923,41.300823],[118.844727,41.342622],[118.843496,41.374516],[118.770199,41.352956],[118.741866,41.324198],[118.528135,41.355202],[118.412338,41.331838],[118.380309,41.312062],[118.348896,41.342622],[118.361215,41.384844],[118.348896,41.428384],[118.327338,41.450816],[118.271904,41.471446],[118.315636,41.512688],[118.302701,41.55256],[118.215237,41.59554],[118.206614,41.650566],[118.132702,41.733241],[118.140093,41.784134],[118.178281,41.814917],[118.29223,41.772976],[118.335346,41.845241],[118.340273,41.87243],[118.268824,41.930336],[118.306396,41.940131],[118.313788,41.98819],[118.291614,42.007759],[118.239875,42.024655],[118.286686,42.033991],[118.296541,42.057545],[118.27252,42.083312],[118.239259,42.092639],[118.194296,42.031324],[118.116687,42.037102],[118.155491,42.081091],[118.097593,42.105072],[118.089586,42.12283],[118.106216,42.172082],[118.033535,42.199132],[117.977485,42.229716],[118.060021,42.298364],[118.008898,42.346595],[118.024296,42.385064],[117.779768,42.61847],[117.708935,42.588515],[117.667051,42.582347],[117.475494,42.602613],[117.387415,42.517537],[117.410205,42.519743],[117.413284,42.471645],[117.390495,42.461933],[117.09546,42.484004],[116.921765,42.403628],[116.886656,42.366496],[116.903287,42.190708],[116.789338,42.200462],[116.890352,42.092639],[116.879881,42.018431],[116.796113,41.977958],[116.553433,41.928555],[116.510933,41.974399],[116.393289,41.942802],[116.414231,41.982407],[116.373579,42.009983],[116.310137,41.997086],[116.298434,41.96817],[116.223906,41.932562],[116.212819,41.885352],[116.194341,41.861734],[116.122892,41.861734],[116.106877,41.831419],[116.129051,41.805996],[116.09887,41.776547],[116.034196,41.782795],[116.007095,41.79752],[115.916552,41.945027],[115.85311,41.927665],[115.834632,41.93835],[115.654162,41.829189],[115.346808,41.712247],[115.319091,41.691693],[115.377605,41.603148],[115.310468,41.592854],[115.290142,41.622835],[115.20391,41.571367],[115.195287,41.602253],[115.0992,41.62373],[114.860832,41.60091],[114.895325,41.636255],[114.902716,41.695715],[114.89594,41.76762],[114.868839,41.813579],[114.922426,41.825175],[114.939056,41.846132],[114.86268,42.097967],[114.825723,42.139695],[114.79431,42.149457],[114.789383,42.130819],[114.75489,42.115727],[114.560254,42.132595],[114.480181,42.064654],[114.467863,42.025989],[114.511594,41.981962],[114.478334,41.951704],[114.419203,41.942356],[114.352066,41.953484],[114.200545,41.789934],[114.237501,41.698843],[114.215328,41.68499],[114.259059,41.623282],[114.226414,41.616572],[114.221487,41.582111],[114.230726,41.513584],[114.101379,41.537779],[114.032394,41.529715],[113.933227,41.487139],[113.871017,41.413126],[113.94493,41.392477],[113.92522,41.325546],[113.899351,41.316108],[113.971416,41.239649],[113.992357,41.269794],[114.016379,41.231999],[113.996669,41.19238],[113.819279,41.09774],[113.994821,40.938798],[114.057647,40.925234],[114.073661,40.857372],[114.044712,40.830661],[114.080437,40.790348],[114.104458,40.797597],[114.103227,40.770861],[114.134639,40.737314],[114.084748,40.729605],[114.063806,40.706925],[114.07243,40.679246],[114.041633,40.608861],[114.076741,40.575686],[114.080437,40.547952],[114.061959,40.52885],[114.011452,40.515657],[113.948626,40.514747],[113.890112,40.466503],[113.850691,40.460583],[113.794641,40.517932],[113.763228,40.473787],[113.500222,40.334335],[113.387505,40.319279],[113.316672,40.319736],[113.27602,40.388601],[113.251382,40.413211],[113.083231,40.374925],[113.03334,40.368997],[112.898449,40.329317],[112.848558,40.206937],[112.744464,40.167161],[112.456205,40.300112],[112.310227,40.256281],[111.970229,39.796638],[111.959758,39.692642],[111.925265,39.66731],[111.9382,39.623071],[111.783599,39.58895],[111.722621,39.606013],[111.659179,39.641507],[111.497187,39.661781],[111.445448,39.640124],[111.431282,39.508656],[111.337043,39.420872],[111.171971,39.423183],[111.143022,39.407926],[111.125776,39.366297],[111.087588,39.376013],[111.058639,39.447681],[111.148566,39.531277],[111.154725,39.569116],[111.136863,39.587106],[110.891103,39.509118],[110.702626,39.273701],[110.626249,39.266751],[110.524003,39.382952],[110.482735,39.360745],[110.434692,39.381101],[110.429764,39.341308],[110.385417,39.310291],[110.257917,39.407001],[110.243751,39.423645],[110.152592,39.45415],[110.12549,39.432891],[110.136577,39.39174],[110.217881,39.281113],[109.962267,39.212056],[109.90252,39.271848],[109.871723,39.243581],[109.961035,39.191651],[109.893897,39.141075],[109.92223,39.107183],[109.890818,39.103932],[109.851397,39.122971],[109.793499,39.074204],[109.762086,39.057476],[109.72513,39.018429],[109.665384,38.981687],[109.685094,38.968195],[109.672159,38.928167],[109.624116,38.85457],[109.549587,38.805618],[109.511399,38.833595],[109.444262,38.782763],[109.404226,38.720689],[109.338936,38.701542],[109.329081,38.66043],[109.367269,38.627711],[109.331545,38.597783],[109.276726,38.623035],[109.054372,38.433892],[108.938575,38.207582],[108.964445,38.154894],[109.069155,38.091336],[109.050676,38.055059],[109.06977,38.023008],[108.93488,37.922521],[108.893612,37.978207],[108.883141,38.01405],[108.830786,38.049875],[108.797525,38.04799],[108.82709,37.989056],[108.777815,37.683728],[108.628142,37.651988],[108.532671,37.690832],[108.301078,37.640616],[108.293071,37.656726],[108.24626,37.665728],[108.134159,37.622131],[108.055318,37.652462],[108.025137,37.649619],[107.982022,37.787378],[107.411662,37.948009],[107.440611,37.995659],[107.19054,38.153953],[106.942316,38.132302],[106.627571,38.232501],[106.555506,38.263521],[106.482209,38.319417],[106.599854,38.389812],[106.709491,38.718821],[106.954019,38.941202],[106.971881,39.026333],[106.96757,39.054688],[106.859164,39.107648],[106.825288,39.19397],[106.795723,39.214375],[106.806809,39.318625],[106.781556,39.371849],[106.602318,39.37555],[106.511774,39.272311],[106.402753,39.291767],[106.280181,39.262118],[106.29558,39.167992],[106.285109,39.146181],[106.145907,39.153142],[106.060907,38.96866],[106.021487,38.953769],[105.97098,38.909077],[105.992538,38.857366],[105.909386,38.791159],[105.852719,38.641735],[105.874277,38.593105],[105.821307,38.366824],[105.86627,38.296406],[105.775111,38.186887],[105.76772,38.121474],[105.780655,38.084741],[105.840401,38.004147],[105.760944,37.799674],[105.677177,37.771769],[105.622358,37.777919],[105.616199,37.722555],[105.598952,37.699356],[105.315004,37.702197],[105.027977,37.580881],[104.433595,37.515402],[104.419429,37.511604],[104.407726,37.464592],[104.183524,37.406618],[103.874938,37.604117],[103.841062,37.64725],[103.683381,37.777919],[103.627947,37.797783],[103.40744,37.860651],[103.362477,38.037621],[103.368636,38.08898],[103.53494,38.156776],[103.507838,38.280905],[103.465339,38.353215],[103.416063,38.404821],[103.85954,38.64454],[104.011677,38.85923],[104.044322,38.895105],[104.173053,38.94446],[104.196459,38.9882],[104.190915,39.042139],[104.207546,39.083495],[104.171205,39.160567],[104.047401,39.297788],[104.073271,39.351953],[104.089901,39.419947],[103.955626,39.456923],[103.85338,39.461543],[103.344615,39.331588],[103.007696,39.099753],[102.883892,39.120649],[102.616574,39.171703],[102.579002,39.183301],[102.45335,39.255167],[101.902701,39.111827],[101.833715,39.08907],[102.075164,38.891378],[101.777049,38.66043],[101.672955,38.6908],[101.601506,38.65529],[101.562702,38.713218],[101.412413,38.764099],[101.331109,38.777164],[101.307087,38.80282],[101.34158,38.822406],[101.33542,38.847113],[101.24303,38.860628],[101.237486,38.907214],[101.198682,38.943064],[101.228863,39.020754],[101.117378,38.975174],[100.969553,38.946788],[100.961545,39.005874],[100.835278,39.025869],[100.829118,39.075133],[100.864227,39.106719],[100.842669,39.199999],[100.842053,39.405614],[100.498975,39.400527],[100.500823,39.481408],[100.44354,39.485565],[100.326512,39.509118],[100.301258,39.572345],[100.314193,39.606935],[100.250135,39.685274],[99.904593,39.785601],[99.822058,39.860063],[99.440791,39.885783],[99.533182,39.891753],[99.714268,39.972061],[99.751225,40.006909],[99.841152,40.013326],[99.927383,40.063727],[99.955716,40.150695],[100.007455,40.20008],[100.169447,40.277743],[100.169447,40.541131],[100.242744,40.618855],[100.237201,40.716905],[100.224882,40.727337],[100.107853,40.875475],[100.057346,40.908049],[99.985897,40.909858],[99.673,40.93292],[99.565827,40.846961],[99.174705,40.858278],[99.172858,40.747289],[99.12543,40.715091],[99.102025,40.676522],[99.041662,40.693767],[98.984996,40.782644],[98.790975,40.705564],[98.80699,40.660181],[98.802678,40.607043],[98.689345,40.691952],[98.668403,40.773128],[98.569853,40.746836],[98.627751,40.677884],[98.344419,40.568413],[98.333332,40.918903],[97.971776,41.09774],[97.903407,41.168057],[97.629314,41.440498],[97.613915,41.477276],[97.84674,41.656379],[97.172903,42.795257]]]}},{"type":"Feature","properties":{"adcode":210000,"name":"辽宁省","center":[123.429096,41.796767],"centroid":[122.604994,41.299712],"childrenNum":14,"level":"province","parent":{"adcode":100000},"subFeatureIndex":5,"acroutes":[100000]},"geometry":{"type":"MultiPolygon","coordinates":[[[[123.534489,39.788361],[123.392823,39.723949],[123.388512,39.74742],[123.350939,39.750641],[123.274563,39.753862],[123.270251,39.714743],[123.286882,39.704154],[123.253005,39.689879],[123.215433,39.696786],[123.212969,39.665928],[123.010941,39.655331],[122.972753,39.594946],[122.941956,39.604629],[122.860652,39.604629],[122.847101,39.581571],[122.808913,39.559889],[122.682645,39.514658],[122.649385,39.516505],[122.532972,39.419947],[122.412864,39.411625],[122.274893,39.322329],[122.242865,39.267678],[122.160329,39.238019],[122.117213,39.213911],[122.123988,39.172631],[122.167104,39.158711],[122.048228,39.101146],[122.071634,39.074204],[122.061778,39.060264],[121.852975,39.035631],[121.905946,38.997503],[121.920728,38.969591],[121.863446,38.942598],[121.804932,38.970986],[121.790149,39.022614],[121.671273,39.010059],[121.66265,38.966333],[121.618918,38.950046],[121.655874,38.946788],[121.719316,38.920252],[121.708845,38.872744],[121.564715,38.874607],[121.509897,38.817743],[121.399028,38.812613],[121.359608,38.822406],[121.259825,38.786495],[121.198848,38.721623],[121.13787,38.723023],[121.112,38.776231],[121.129862,38.879266],[121.094138,38.894173],[121.08921,38.922115],[121.128014,38.958888],[121.180369,38.959819],[121.204391,38.941202],[121.275224,38.971917],[121.341129,38.980757],[121.317108,39.012384],[121.370695,39.060264],[121.431057,39.027263],[121.508049,39.034237],[121.581962,39.075598],[121.599208,39.098824],[121.562252,39.127149],[121.590585,39.154999],[121.642324,39.11972],[121.605983,39.080708],[121.631853,39.077921],[121.68236,39.117863],[121.639244,39.166136],[121.604136,39.166136],[121.586889,39.193506],[121.591201,39.228748],[121.631237,39.22643],[121.589353,39.263044],[121.623846,39.285745],[121.672505,39.275554],[121.667577,39.310754],[121.7187,39.320477],[121.711925,39.33992],[121.72486,39.364447],[121.51544,39.286672],[121.432904,39.357506],[121.307869,39.391277],[121.270296,39.374162],[121.245659,39.456923],[121.301709,39.476327],[121.224717,39.519275],[121.226565,39.554814],[121.263521,39.589873],[121.299246,39.606013],[121.325731,39.601402],[121.450151,39.624914],[121.502506,39.703233],[121.45939,39.747881],[121.487107,39.760303],[121.472325,39.802155],[121.530223,39.851334],[121.541926,39.874302],[121.572107,39.865116],[121.626925,39.882569],[121.699606,39.937196],[121.76428,39.933525],[121.824642,40.025701],[121.910257,40.072887],[121.956453,40.133311],[121.995257,40.128277],[122.003264,40.172191],[121.940438,40.242121],[122.02667,40.244862],[122.039605,40.260391],[122.040221,40.322017],[122.079641,40.332967],[122.110438,40.315629],[122.135691,40.374925],[122.152322,40.357597],[122.198517,40.382219],[122.186814,40.422779],[122.229314,40.424146],[122.250872,40.445555],[122.240401,40.461039],[122.221923,40.481071],[122.265038,40.48016],[122.231162,40.505192],[122.245944,40.519752],[122.150474,40.588413],[122.133843,40.614313],[122.148626,40.671983],[122.122141,40.657457],[122.06609,40.64883],[122.025438,40.674253],[121.951525,40.680607],[121.936127,40.711462],[121.934279,40.79805],[121.883772,40.802127],[121.84312,40.831567],[121.816019,40.894931],[121.682976,40.829755],[121.553013,40.817528],[121.55486,40.849677],[121.526527,40.85194],[121.499426,40.880001],[121.440296,40.88181],[121.439064,40.830208],[121.126167,40.86914],[121.086747,40.79805],[120.971566,40.805751],[121.032544,40.709193],[120.8299,40.671076],[120.837291,40.644289],[120.822509,40.59432],[120.666676,40.467413],[120.619249,40.460128],[120.602618,40.36079],[120.537329,40.325211],[120.52193,40.304676],[120.523778,40.256737],[120.491749,40.20008],[119.854252,39.98857],[119.854252,40.033033],[119.787115,40.041739],[119.736608,40.104936],[119.760629,40.136056],[119.745847,40.207851],[119.639289,40.231613],[119.651608,40.271808],[119.598021,40.334335],[119.586934,40.375381],[119.604797,40.455119],[119.553674,40.502007],[119.572152,40.523846],[119.559217,40.547952],[119.256175,40.543404],[119.22045,40.569322],[119.230921,40.603863],[119.177951,40.609315],[119.162552,40.600228],[119.14469,40.632482],[119.184726,40.680153],[119.054763,40.664721],[118.950053,40.747743],[118.895234,40.75409],[118.907553,40.775394],[118.878604,40.783098],[118.845959,40.822057],[118.873061,40.847866],[118.90201,40.960946],[119.00056,40.967273],[119.013495,41.007479],[118.951901,41.018317],[118.937118,41.052625],[119.080632,41.095936],[119.081248,41.131555],[119.126212,41.138767],[119.189038,41.198234],[119.169943,41.222996],[119.204436,41.222546],[119.209364,41.244599],[119.2494,41.279689],[119.239545,41.31431],[119.296211,41.325097],[119.330704,41.385293],[119.309762,41.405944],[119.376283,41.422102],[119.378131,41.459787],[119.401537,41.472343],[119.362116,41.566442],[119.420015,41.567785],[119.415703,41.590169],[119.342406,41.617914],[119.307914,41.657273],[119.317769,41.764049],[119.292515,41.790827],[119.312841,41.80555],[119.334399,41.871539],[119.324544,41.969505],[119.375667,42.023322],[119.384906,42.08953],[119.237697,42.200905],[119.274037,42.239021],[119.280197,42.260728],[119.34795,42.300578],[119.432949,42.317396],[119.482841,42.347037],[119.502551,42.388159],[119.540123,42.363401],[119.572152,42.359421],[119.571536,42.335536],[119.539507,42.297922],[119.617115,42.252755],[119.841933,42.215534],[119.845629,42.097079],[120.041498,41.818932],[120.035954,41.708226],[120.096316,41.697056],[120.188707,41.848361],[120.286641,41.880005],[120.271859,41.925439],[120.456641,42.016208],[120.450481,42.057101],[120.493597,42.073539],[120.466496,42.105516],[120.8299,42.252755],[120.883487,42.242565],[120.883487,42.269585],[120.883487,42.269585],[121.070732,42.254083],[121.386093,42.474294],[121.570875,42.487093],[121.607831,42.516214],[121.604136,42.495037],[121.66573,42.437204],[121.69899,42.438529],[121.889931,42.556784],[121.939207,42.688453],[122.018663,42.69901],[122.062394,42.723635],[122.204676,42.685374],[122.204676,42.732867],[122.338951,42.669975],[122.396234,42.684054],[122.396234,42.707366],[122.460907,42.755282],[122.439349,42.770221],[122.371596,42.776371],[122.35127,42.830378],[122.436886,42.843105],[122.556378,42.827745],[122.624747,42.773296],[122.653696,42.78252],[122.733152,42.786034],[122.848949,42.712203],[122.887137,42.770221],[123.058368,42.768903],[123.118114,42.801405],[123.227752,42.831695],[123.169853,42.859777],[123.188947,42.895739],[123.18402,42.925983],[123.259165,42.993431],[123.474743,43.042438],[123.536337,43.007],[123.572678,43.003498],[123.666916,43.179623],[123.645974,43.208855],[123.676771,43.223684],[123.664453,43.264663],[123.698329,43.272071],[123.703873,43.37047],[123.710032,43.417001],[123.79688,43.489988],[123.857858,43.459153],[123.857858,43.459153],[123.852314,43.406133],[123.896046,43.361333],[123.964415,43.34088],[124.032784,43.280786],[124.099306,43.292983],[124.117168,43.2773],[124.114088,43.247229],[124.27608,43.233278],[124.287167,43.207983],[124.273617,43.17875],[124.366007,43.121554],[124.425754,43.076107],[124.333363,42.997371],[124.442384,42.958841],[124.371551,42.880831],[124.435609,42.880831],[124.466406,42.847054],[124.586514,42.905384],[124.658579,42.972854],[124.677673,43.002185],[124.686912,43.051185],[124.785462,43.117185],[124.882781,43.13422],[124.88894,43.074796],[124.840897,43.032377],[124.869846,42.988178],[124.87231,42.962344],[124.84952,42.882585],[124.856911,42.824234],[124.874157,42.789987],[124.897563,42.787791],[124.92836,42.819844],[124.975171,42.802722],[124.996729,42.745174],[124.968396,42.722756],[125.010896,42.63212],[125.038613,42.615387],[125.097127,42.622433],[125.068794,42.499449],[125.186439,42.427928],[125.185823,42.38197],[125.203685,42.366938],[125.167345,42.351903],[125.175352,42.308102],[125.299156,42.289953],[125.27575,42.266928],[125.27575,42.231045],[125.312706,42.219966],[125.280677,42.175187],[125.312706,42.197359],[125.305931,42.146351],[125.357054,42.145464],[125.368141,42.182726],[125.490097,42.136145],[125.446365,42.098411],[125.414336,42.101964],[125.369989,42.002868],[125.29854,41.974399],[125.291764,41.958825],[125.35151,41.92811],[125.307779,41.924548],[125.294844,41.822945],[125.336112,41.768067],[125.332416,41.711354],[125.317018,41.676944],[125.446981,41.67605],[125.461148,41.642516],[125.450061,41.597777],[125.479626,41.544946],[125.507343,41.534195],[125.493176,41.509103],[125.533212,41.479069],[125.534444,41.428833],[125.547995,41.401006],[125.637306,41.34442],[125.62006,41.318355],[125.642234,41.296327],[125.646545,41.264396],[125.749407,41.245499],[125.758646,41.232449],[125.73832,41.178418],[125.791291,41.167607],[125.712451,41.095485],[125.739552,41.08917],[125.674879,40.974503],[125.589263,40.931112],[125.584335,40.891764],[125.652089,40.91619],[125.687813,40.897645],[125.707523,40.866877],[125.648393,40.826133],[125.641002,40.798503],[125.67611,40.788082],[125.685349,40.769048],[125.61698,40.763609],[125.585567,40.788535],[125.551075,40.761796],[125.544915,40.729605],[125.418648,40.673345],[125.422343,40.635661],[125.279445,40.655187],[125.262815,40.620218],[125.015823,40.533853],[125.004737,40.496091],[125.042925,40.483802],[125.044157,40.466503],[124.985642,40.475153],[124.945606,40.45603],[124.913578,40.481981],[124.834121,40.423235],[124.739267,40.371733],[124.722636,40.321561],[124.62655,40.291896],[124.515065,40.22019],[124.346913,40.079756],[124.336442,40.049985],[124.372167,40.021576],[124.349377,39.989029],[124.288399,39.962888],[124.286551,39.931689],[124.241588,39.928477],[124.173218,39.841225],[124.151045,39.74558],[124.099306,39.777323],[124.103001,39.823302],[124.002603,39.800316],[123.645358,39.823761],[123.642279,39.796178],[123.612714,39.775023],[123.579453,39.781002],[123.546808,39.756163],[123.534489,39.788361]]]]}},{"type":"Feature","properties":{"adcode":220000,"name":"吉林省","center":[125.3245,43.886841],"centroid":[126.171208,43.703954],"childrenNum":9,"level":"province","parent":{"adcode":100000},"subFeatureIndex":6,"acroutes":[100000]},"geometry":{"type":"MultiPolygon","coordinates":[[[[129.601492,42.415116],[129.546057,42.361632],[129.49863,42.412023],[129.452434,42.441179],[129.366203,42.428811],[129.368051,42.459284],[129.30892,42.403628],[129.326167,42.389927],[129.240551,42.376223],[129.231312,42.356325],[129.260261,42.335536],[129.208522,42.293052],[129.231312,42.283755],[129.215914,42.265157],[129.183269,42.262056],[129.215914,42.208442],[129.166639,42.188047],[129.113668,42.140583],[129.048378,42.137476],[129.039139,42.107736],[129.008958,42.09175],[128.971386,42.097079],[128.954755,42.083756],[128.952908,42.025545],[128.737945,42.050435],[128.598127,42.007315],[128.294468,42.026434],[128.090593,42.022877],[128.033926,42.000199],[128.106607,41.949923],[128.112766,41.793504],[128.147875,41.78101],[128.163889,41.721628],[128.30186,41.627756],[128.317874,41.575844],[128.301244,41.540018],[128.238418,41.497898],[128.243345,41.477276],[128.203925,41.410882],[128.169433,41.404149],[128.114614,41.364186],[128.090593,41.374516],[128.110919,41.393375],[128.040085,41.393375],[128.000049,41.442741],[127.991426,41.421204],[127.882405,41.448124],[127.86947,41.4037],[127.636645,41.413575],[127.618783,41.432871],[127.563964,41.432871],[127.547334,41.477276],[127.419835,41.460235],[127.253531,41.486691],[127.28864,41.501932],[127.241212,41.520754],[127.11864,41.540018],[127.125416,41.566442],[127.178386,41.600015],[127.135887,41.600463],[127.037952,41.676944],[127.057662,41.703758],[127.050887,41.744852],[126.940018,41.773423],[126.952953,41.804212],[126.931395,41.812687],[126.848243,41.734134],[126.809439,41.749317],[126.8002,41.702865],[126.723207,41.753335],[126.694874,41.751103],[126.690562,41.728328],[126.724439,41.710907],[126.688099,41.674262],[126.644983,41.661297],[126.608027,41.669345],[126.497158,41.406842],[126.539041,41.366881],[126.437411,41.353405],[126.295129,41.171661],[126.124514,41.092327],[126.1085,41.011995],[126.066,40.997542],[126.08263,40.976762],[126.051833,40.96185],[126.041362,40.928851],[126.008102,40.936537],[125.959442,40.88181],[125.921254,40.882715],[125.875059,40.908501],[125.860892,40.888597],[125.817161,40.866877],[125.778356,40.897645],[125.707523,40.866877],[125.687813,40.897645],[125.652089,40.91619],[125.584335,40.891764],[125.589263,40.931112],[125.674879,40.974503],[125.739552,41.08917],[125.712451,41.095485],[125.791291,41.167607],[125.73832,41.178418],[125.758646,41.232449],[125.749407,41.245499],[125.646545,41.264396],[125.642234,41.296327],[125.62006,41.318355],[125.637306,41.34442],[125.547995,41.401006],[125.534444,41.428833],[125.533212,41.479069],[125.493176,41.509103],[125.507343,41.534195],[125.479626,41.544946],[125.450061,41.597777],[125.461148,41.642516],[125.446981,41.67605],[125.317018,41.676944],[125.336112,41.768067],[125.294844,41.822945],[125.307779,41.924548],[125.35151,41.92811],[125.291764,41.958825],[125.29854,41.974399],[125.369989,42.002868],[125.414336,42.101964],[125.446365,42.098411],[125.490097,42.136145],[125.368141,42.182726],[125.357054,42.145464],[125.305931,42.146351],[125.312706,42.197359],[125.280677,42.175187],[125.312706,42.219966],[125.27575,42.231045],[125.27575,42.266928],[125.299156,42.289953],[125.175352,42.308102],[125.167345,42.351903],[125.203685,42.366938],[125.185823,42.38197],[125.186439,42.427928],[125.068794,42.499449],[125.097127,42.622433],[125.038613,42.615387],[125.010896,42.63212],[124.968396,42.722756],[124.996729,42.745174],[124.975171,42.802722],[124.92836,42.819844],[124.897563,42.787791],[124.874157,42.789987],[124.856911,42.824234],[124.84952,42.882585],[124.87231,42.962344],[124.869846,42.988178],[124.840897,43.032377],[124.88894,43.074796],[124.882781,43.13422],[124.785462,43.117185],[124.686912,43.051185],[124.677673,43.002185],[124.658579,42.972854],[124.586514,42.905384],[124.466406,42.847054],[124.435609,42.880831],[124.371551,42.880831],[124.442384,42.958841],[124.333363,42.997371],[124.425754,43.076107],[124.366007,43.121554],[124.273617,43.17875],[124.287167,43.207983],[124.27608,43.233278],[124.114088,43.247229],[124.117168,43.2773],[124.099306,43.292983],[124.032784,43.280786],[123.964415,43.34088],[123.896046,43.361333],[123.852314,43.406133],[123.857858,43.459153],[123.857858,43.459153],[123.79688,43.489988],[123.747604,43.472184],[123.703873,43.37047],[123.608402,43.366119],[123.486446,43.44525],[123.442098,43.437863],[123.419925,43.410046],[123.382968,43.469143],[123.36449,43.483475],[123.315831,43.492159],[123.329998,43.519071],[123.304744,43.550742],[123.452569,43.545971],[123.421157,43.598435],[123.5117,43.592801],[123.510468,43.624867],[123.536953,43.633964],[123.518475,43.682024],[123.520323,43.708419],[123.48275,43.737396],[123.467968,43.853599],[123.397135,43.954929],[123.37065,43.970006],[123.400831,43.979481],[123.365722,44.013922],[123.331229,44.028984],[123.32815,44.084035],[123.386664,44.161794],[123.323838,44.179823],[123.286882,44.211574],[123.277027,44.25274],[123.196955,44.34483],[123.128585,44.367081],[123.12489,44.5098],[123.06576,44.505959],[123.025108,44.493153],[122.85634,44.398304],[122.76087,44.369648],[122.702971,44.319145],[122.675254,44.285738],[122.483081,44.236877],[122.319241,44.233018],[122.271198,44.255741],[122.28598,44.477783],[122.228082,44.480345],[122.224386,44.526016],[122.196053,44.559712],[122.13138,44.577619],[122.113517,44.615546],[122.103046,44.67388],[122.117213,44.701961],[122.161561,44.728328],[122.152322,44.744057],[122.10243,44.736406],[122.110438,44.767856],[122.142467,44.753833],[122.168952,44.770405],[122.099967,44.7823],[122.098119,44.81882],[122.04946,44.912985],[122.079025,44.914256],[122.109822,45.142236],[122.143082,45.183167],[122.192358,45.180636],[122.22993,45.206784],[122.239169,45.276313],[122.147394,45.295682],[122.168336,45.439897],[122.064242,45.472641],[122.002648,45.507882],[121.993409,45.552741],[121.966308,45.596308],[121.995873,45.59882],[122.003264,45.623102],[121.970004,45.692956],[121.934279,45.71051],[121.867142,45.719703],[121.812323,45.704659],[121.811091,45.687103],[121.713773,45.701734],[121.666345,45.727641],[121.644172,45.752284],[121.754425,45.794862],[121.817251,45.875336],[121.809243,45.961102],[121.761816,45.998947],[121.819098,46.023054],[121.843736,46.024301],[122.040221,45.959022],[122.085184,45.912406],[122.091344,45.882002],[122.200981,45.857],[122.236705,45.831569],[122.253952,45.7982],[122.372828,45.856166],[122.362357,45.917403],[122.446125,45.916986],[122.496016,45.85825],[122.504639,45.786933],[122.522501,45.786933],[122.556378,45.82156],[122.603189,45.778169],[122.640761,45.771072],[122.650001,45.731401],[122.671558,45.70048],[122.741775,45.705077],[122.751015,45.735996],[122.792283,45.766063],[122.752246,45.834905],[122.828623,45.912406],[122.792898,46.073313],[123.04605,46.099878],[123.070071,46.123527],[123.112571,46.130163],[123.128585,46.210565],[123.178476,46.248239],[123.248078,46.273065],[123.357099,46.232096],[123.499381,46.259826],[123.569598,46.223816],[123.569598,46.223816],[123.896046,46.303668],[123.917604,46.25693],[123.936082,46.286715],[123.960103,46.288369],[123.952096,46.256516],[123.979814,46.228784],[123.956408,46.206009],[123.971806,46.170379],[124.001987,46.166649],[123.991516,46.143019],[124.01677,46.118549],[123.99398,46.101123],[124.040176,46.01973],[123.989053,46.011833],[124.011842,45.981899],[123.973654,45.973997],[123.968727,45.936551],[123.996444,45.906993],[124.061118,45.886168],[124.067277,45.840325],[124.03648,45.83824],[124.064197,45.802372],[124.001987,45.770655],[124.13503,45.690448],[124.128255,45.641933],[124.162132,45.616404],[124.226805,45.633564],[124.238508,45.591702],[124.273001,45.584163],[124.264377,45.555256],[124.287783,45.539329],[124.348761,45.546874],[124.398652,45.440737],[124.480572,45.456271],[124.507058,45.424778],[124.544014,45.411756],[124.579738,45.424358],[124.575427,45.451234],[124.776223,45.468024],[124.792853,45.436958],[124.839665,45.455852],[124.886476,45.442836],[124.884628,45.495299],[124.911114,45.535976],[124.936983,45.53388],[124.961005,45.495299],[125.025678,45.493201],[125.097127,45.38276],[125.319482,45.422678],[125.361981,45.392847],[125.398322,45.416797],[125.434662,45.462988],[125.424807,45.485649],[125.480242,45.486488],[125.497488,45.469283],[125.687813,45.514173],[125.711835,45.477677],[125.712451,45.389485],[125.695205,45.352066],[125.823936,45.237978],[125.992703,45.192447],[125.998247,45.162072],[126.235383,45.140125],[126.402919,45.222805],[126.569222,45.252725],[126.792808,45.135481],[126.85625,45.145613],[126.96404,45.132104],[126.970815,45.070852],[127.092771,44.94688],[126.999764,44.87398],[126.984366,44.823914],[126.9973,44.764882],[127.041032,44.712169],[127.049655,44.566961],[127.182082,44.644507],[127.261538,44.61299],[127.275705,44.640249],[127.392733,44.632158],[127.557189,44.575488],[127.570124,44.55033],[127.536247,44.522176],[127.485124,44.528576],[127.465414,44.516628],[127.463566,44.484615],[127.50853,44.437202],[127.486356,44.410275],[127.579363,44.310581],[127.623711,44.278025],[127.59045,44.227872],[127.681609,44.166946],[127.712406,44.199133],[127.735811,44.11412],[127.729036,44.09908],[127.783239,44.071997],[127.912586,44.064687],[128.091208,44.133022],[128.088129,44.158359],[128.060411,44.168663],[128.09244,44.181539],[128.104143,44.230017],[128.064107,44.251454],[128.101679,44.293449],[128.065339,44.307155],[128.049941,44.349965],[128.074578,44.370075],[128.172512,44.34697],[128.211317,44.431647],[128.372693,44.514495],[128.463236,44.431647],[128.457076,44.409848],[128.481714,44.375637],[128.475555,44.346114],[128.446605,44.339694],[128.472475,44.320001],[128.450301,44.203423],[128.471859,44.157501],[128.64001,43.948035],[128.636315,43.891132],[128.696061,43.903207],[128.729938,43.889838],[128.760734,43.857482],[128.719467,43.816905],[128.739177,43.806972],[128.760119,43.755554],[128.729322,43.736964],[128.768126,43.732207],[128.878379,43.539898],[128.949828,43.553779],[128.962763,43.53903],[129.013886,43.522976],[129.23008,43.593234],[129.211602,43.784509],[129.254718,43.819496],[129.348341,43.798333],[129.467833,43.874741],[129.743158,43.876035],[129.868193,44.012631],[129.951345,44.027263],[129.979062,44.015644],[130.017867,43.961821],[130.027722,43.851872],[130.079461,43.835039],[130.153373,43.915711],[130.208192,43.948466],[130.262395,43.949328],[130.319061,44.03974],[130.365256,44.044042],[130.364025,43.992399],[130.338155,43.963975],[130.381887,43.910106],[130.382503,43.777164],[130.423155,43.745179],[130.394206,43.703227],[130.412684,43.652586],[130.630726,43.622268],[130.623335,43.589767],[130.822899,43.503446],[130.841378,43.454374],[130.864167,43.437863],[130.907283,43.434387],[130.959638,43.48608],[131.026775,43.508655],[131.142572,43.425695],[131.31873,43.499539],[131.314419,43.461325],[131.295941,43.441774],[131.314419,43.392653],[131.275615,43.369165],[131.269455,43.297775],[131.255289,43.265099],[131.206014,43.237202],[131.207861,43.1316],[131.102536,43.021002],[131.145652,42.9365],[131.114855,42.915027],[131.034167,42.929051],[131.017536,42.915027],[131.043406,42.862848],[130.981812,42.857145],[130.949783,42.876884],[130.912826,42.870744],[130.890653,42.852758],[130.845073,42.881269],[130.801957,42.879515],[130.784095,42.842227],[130.665835,42.847932],[130.40714,42.731548],[130.425003,42.706926],[130.464423,42.688453],[130.521089,42.702089],[130.592538,42.671295],[130.633806,42.603494],[130.622719,42.573092],[130.570364,42.557224],[130.565437,42.506509],[130.645509,42.426603],[130.581451,42.435437],[130.522937,42.622433],[130.482285,42.626837],[130.459495,42.588075],[130.476125,42.570007],[130.435474,42.553257],[130.423771,42.574855],[130.44656,42.607459],[130.420691,42.617148],[130.388046,42.603054],[130.257467,42.710884],[130.242069,42.738582],[130.245148,42.799209],[130.258083,42.860655],[130.277793,42.892232],[130.10225,42.922916],[130.144134,42.976357],[130.10841,42.989929],[130.072685,42.971541],[130.027106,42.9676],[130.002468,42.981174],[129.963664,42.978547],[129.954425,43.010938],[129.897143,43.001748],[129.767179,42.707806],[129.796744,42.681854],[129.754245,42.645768],[129.786889,42.615387],[129.746237,42.58455],[129.748701,42.471204],[129.704354,42.427045],[129.651999,42.426603],[129.627361,42.462816],[129.591021,42.447803],[129.601492,42.422627],[129.601492,42.415116]]]]}},{"type":"Feature","properties":{"adcode":230000,"name":"黑龙江省","center":[126.642464,45.756967],"centroid":[127.693027,48.040465],"childrenNum":13,"level":"province","parent":{"adcode":100000},"subFeatureIndex":7,"acroutes":[100000]},"geometry":{"type":"MultiPolygon","coordinates":[[[[123.569598,46.223816],[123.569598,46.223816],[123.499381,46.259826],[123.452569,46.233338],[123.248078,46.273065],[123.178476,46.248239],[123.011557,46.434984],[123.010325,46.524823],[123.002318,46.574624],[123.052825,46.579972],[123.04605,46.617803],[123.228368,46.588198],[123.279491,46.616981],[123.276411,46.660947],[123.603475,46.68928],[123.631808,46.728675],[123.629344,46.813524],[123.580069,46.827447],[123.625648,46.847508],[123.599163,46.868378],[123.605322,46.891286],[123.576989,46.891286],[123.575757,46.845461],[123.562823,46.82581],[123.506772,46.827038],[123.483366,46.84587],[123.52833,46.944836],[123.487678,46.959951],[123.42362,46.934212],[123.337389,46.988943],[123.301664,46.999965],[123.304128,46.964852],[123.360179,46.970978],[123.404526,46.935438],[123.40699,46.906416],[123.374345,46.837683],[123.341084,46.826628],[123.295505,46.865105],[123.221592,46.850373],[123.163694,46.74016],[123.026339,46.718829],[122.906847,46.80738],[122.893913,46.895376],[122.895144,46.960359],[122.83971,46.937072],[122.791051,46.941567],[122.798442,46.9575],[122.77442,46.973837],[122.852645,47.072158],[122.615508,47.124306],[122.418407,47.350632],[122.507103,47.401291],[122.543443,47.495589],[122.59395,47.54732],[122.765181,47.614333],[122.848949,47.67441],[123.161846,47.781892],[123.300432,47.953723],[123.537569,48.021816],[123.579453,48.045427],[123.705105,48.152142],[123.746373,48.197638],[124.25945,48.536385],[124.314269,48.503881],[124.317964,48.35099],[124.422058,48.245884],[124.412819,48.219175],[124.418978,48.181679],[124.475029,48.173698],[124.415899,48.08782],[124.529847,48.146951],[124.512601,48.164518],[124.579738,48.297269],[124.51876,48.378027],[124.52492,48.426897],[124.507674,48.445558],[124.555717,48.467784],[124.520608,48.556195],[124.579122,48.596582],[124.601912,48.632587],[124.654267,48.83429],[124.697383,48.841775],[124.715861,48.885475],[124.709086,48.920487],[124.744194,48.920487],[124.756513,48.967262],[124.808252,49.020666],[124.828578,49.077933],[124.809484,49.115943],[124.906802,49.184054],[124.983179,49.162535],[125.039845,49.17623],[125.034302,49.157056],[125.117453,49.126127],[125.219699,49.189139],[125.227707,49.248947],[125.214772,49.277066],[125.261583,49.322336],[125.270822,49.454395],[125.228323,49.487063],[125.211076,49.539908],[125.233866,49.536801],[125.23017,49.595411],[125.127308,49.655113],[125.132236,49.672157],[125.164881,49.669446],[125.189518,49.652401],[125.185207,49.634574],[125.219699,49.669058],[125.222779,49.799026],[125.177815,49.829533],[125.245569,49.87198],[125.190134,49.959841],[125.231402,49.957531],[125.297924,50.014481],[125.283757,50.036012],[125.25296,50.041393],[125.328105,50.065985],[125.258504,50.103618],[125.27883,50.127411],[125.311474,50.140453],[125.376148,50.137385],[125.335496,50.161161],[125.448829,50.216338],[125.463611,50.295925],[125.546763,50.358965],[125.522126,50.404759],[125.536292,50.420014],[125.567089,50.402852],[125.583104,50.409717],[125.562162,50.438314],[125.580024,50.449366],[125.627451,50.443268],[125.829479,50.56165],[125.789443,50.679735],[125.825784,50.70362],[125.758646,50.746809],[125.846726,50.769524],[125.836255,50.793363],[125.890457,50.805845],[125.961906,50.901054],[125.997631,50.872738],[125.996399,50.906715],[126.068464,50.967434],[126.041978,50.981753],[126.033971,51.011132],[126.059225,51.043503],[125.976073,51.084498],[125.993935,51.119072],[125.970529,51.123955],[125.946508,51.108176],[125.909551,51.138977],[125.864588,51.146487],[125.850421,51.21364],[125.819008,51.227134],[125.761726,51.226385],[125.700132,51.327465],[125.35151,51.623801],[125.130388,51.635317],[125.12854,51.659083],[125.098975,51.658341],[125.060171,51.59667],[125.073106,51.553526],[125.047236,51.529704],[124.928976,51.498419],[124.917889,51.474196],[124.942527,51.447349],[124.885244,51.40817],[124.864302,51.37979],[124.783614,51.392115],[124.693687,51.3327],[124.62655,51.327465],[124.490427,51.380537],[124.478108,51.36223],[124.443616,51.35812],[124.406659,51.272086],[124.271769,51.308389],[124.239124,51.344664],[123.926227,51.300532],[123.887423,51.320734],[123.842459,51.367462],[123.794416,51.361109],[123.711264,51.398089],[123.660141,51.342795],[123.661989,51.319237],[123.440251,51.270963],[123.294273,51.254111],[123.069455,51.321108],[123.002934,51.31213],[122.965977,51.345786],[122.965977,51.386886],[122.854492,51.477551],[122.874202,51.561339],[122.832935,51.581797],[122.85634,51.606707],[122.749167,51.746613],[122.771957,51.779579],[122.706051,51.890151],[122.729457,51.919321],[122.726377,51.978709],[122.683877,51.974654],[122.625363,52.067459],[122.643841,52.111585],[122.629059,52.13657],[122.690653,52.140243],[122.73808,52.153464],[122.787355,52.252494],[122.478153,52.29607],[122.484313,52.341432],[122.447356,52.394052],[122.419023,52.375057],[122.342031,52.414133],[122.326016,52.459374],[122.310618,52.475416],[122.207756,52.469218],[122.178191,52.48963],[122.168952,52.513674],[121.94783,52.298266],[121.901018,52.280695],[121.841272,52.282526],[121.769207,52.308147],[121.714389,52.318025],[121.715621,52.342894],[121.658338,52.3904],[121.678664,52.419973],[121.63986,52.44442],[121.519136,52.456821],[121.323883,52.573727],[121.182217,52.59918],[121.591201,52.824693],[121.620766,52.853251],[121.604136,52.872401],[121.610295,52.892264],[121.817867,53.061631],[121.753193,53.147501],[121.722396,53.145706],[121.665114,53.170467],[121.679896,53.240722],[121.499426,53.337314],[121.589969,53.350891],[121.697758,53.392666],[122.111054,53.426913],[122.161561,53.468614],[122.350038,53.505647],[122.37406,53.47467],[122.435038,53.444739],[122.894528,53.462914],[122.943804,53.483929],[123.052209,53.506715],[123.093477,53.508138],[123.137209,53.498172],[123.274563,53.563269],[123.454417,53.536602],[123.47228,53.509206],[123.499381,53.497816],[123.510468,53.509206],[123.490758,53.542648],[123.517243,53.558292],[123.546808,53.551537],[123.557895,53.531978],[123.53141,53.507071],[123.620721,53.550115],[123.668764,53.533756],[123.698329,53.498528],[123.865249,53.489627],[124.125791,53.348033],[124.19416,53.37339],[124.239124,53.379817],[124.435609,53.223886],[124.678905,53.207043],[124.720789,53.192344],[124.712165,53.162574],[124.734339,53.146783],[124.787926,53.140681],[124.832889,53.145347],[124.87231,53.099018],[124.909266,53.118059],[124.887708,53.164368],[125.142091,53.204175],[125.503647,53.095424],[125.504263,53.061271],[125.530749,53.0512],[125.588647,53.081047],[125.613901,53.083564],[125.684118,53.00801],[125.742632,52.993964],[125.737088,52.943504],[125.665023,52.913561],[125.666871,52.869872],[125.678574,52.86084],[125.827631,52.899123],[125.966834,52.759914],[126.052449,52.800095],[126.116507,52.768243],[126.112195,52.757016],[126.044442,52.739628],[126.072775,52.691048],[126.061688,52.673271],[125.995783,52.675085],[125.971145,52.654033],[125.968682,52.630429],[125.989008,52.603178],[126.030891,52.576273],[126.055529,52.582455],[126.066616,52.603905],[126.147304,52.573],[126.213209,52.525327],[126.192883,52.492181],[126.205202,52.466302],[126.268644,52.475051],[126.326542,52.424353],[126.353644,52.389304],[126.327774,52.310342],[126.4331,52.298632],[126.436795,52.277034],[126.312992,52.235271],[126.306832,52.205574],[126.556288,52.136203],[126.563679,52.119302],[126.514404,52.037282],[126.487918,52.041699],[126.450962,52.027709],[126.462665,51.948471],[126.6727,51.73179],[126.724439,51.7266],[126.734294,51.711399],[126.723823,51.679126],[126.741069,51.642374],[126.67886,51.602246],[126.69549,51.57845],[126.837156,51.536033],[126.791577,51.432428],[126.835308,51.413769],[126.908605,51.407423],[126.930163,51.359241],[126.904293,51.340552],[126.837156,51.345038],[126.813134,51.311756],[126.820526,51.281071],[126.863025,51.248492],[126.908605,51.246619],[126.887047,51.321856],[126.970815,51.332327],[126.98375,51.318863],[126.899982,51.200518],[126.917844,51.138977],[126.922772,51.061937],[127.113713,50.93765],[127.143894,50.910111],[127.236285,50.781256],[127.295415,50.755139],[127.294799,50.663426],[127.370559,50.581415],[127.293567,50.46575],[127.30527,50.45432],[127.3644,50.438314],[127.369944,50.403996],[127.332371,50.340634],[127.371791,50.29669],[127.44632,50.270686],[127.603385,50.239309],[127.60708,50.178794],[127.58737,50.137768],[127.501755,50.056764],[127.495595,49.994479],[127.543638,49.944438],[127.547334,49.928645],[127.529472,49.864265],[127.531936,49.826059],[127.674833,49.764247],[127.677913,49.697712],[127.815268,49.593859],[128.001281,49.592307],[128.185447,49.53952],[128.243345,49.563203],[128.287077,49.566309],[128.343128,49.544956],[128.389939,49.58998],[128.500192,49.593859],[128.537764,49.604332],[128.715155,49.564756],[128.744104,49.595023],[128.802618,49.58222],[128.813089,49.558157],[128.763198,49.515824],[128.76135,49.482009],[128.792147,49.473065],[128.871604,49.492506],[128.932582,49.46801],[129.013886,49.457119],[129.061929,49.374189],[129.084719,49.359769],[129.215298,49.399122],[129.358196,49.355871],[129.390224,49.432605],[129.448739,49.441167],[129.51834,49.423652],[129.546057,49.395227],[129.562687,49.299706],[129.730223,49.288387],[129.761636,49.25754],[129.753629,49.208692],[129.784426,49.184054],[129.847867,49.181316],[129.937179,49.040285],[130.020946,49.021058],[130.237757,48.868551],[130.279641,48.866976],[130.412068,48.905148],[130.471198,48.905541],[130.501995,48.865795],[130.680617,48.881146],[130.689856,48.849651],[130.622103,48.783842],[130.538335,48.612016],[130.605473,48.594207],[130.615944,48.575601],[130.620871,48.49595],[130.767465,48.507846],[130.747755,48.404256],[130.845073,48.296473],[130.666451,48.105007],[130.699711,48.044227],[130.891269,47.927263],[130.961486,47.828118],[130.966413,47.733211],[130.983659,47.713081],[131.029855,47.694555],[131.456085,47.747297],[131.543548,47.736028],[131.59036,47.660707],[131.641483,47.663932],[131.690142,47.707041],[131.976554,47.673201],[132.000575,47.712276],[132.242639,47.70986],[132.371987,47.765402],[132.469305,47.726368],[132.558,47.718316],[132.687348,47.88514],[132.662094,47.922451],[132.661478,47.944905],[132.691043,47.962941],[132.723072,47.962941],[132.769268,47.93849],[132.819159,47.936887],[132.883216,48.002599],[132.992238,48.035424],[133.053216,48.110202],[133.130208,48.134971],[133.302055,48.103009],[133.545967,48.121389],[133.573068,48.182078],[133.693177,48.186866],[133.740604,48.254651],[134.116327,48.333089],[134.150819,48.346217],[134.20379,48.3824],[134.501905,48.418954],[134.704549,48.405448],[134.764295,48.370076],[134.927519,48.451513],[135.09567,48.437618],[135.090743,48.403461],[135.009439,48.365703],[134.679295,48.256245],[134.67252,48.170505],[134.632484,48.099412],[134.551796,48.032622],[134.55426,47.982173],[134.599839,47.947711],[134.607846,47.909214],[134.658969,47.901191],[134.677448,47.884738],[134.670056,47.864667],[134.678679,47.819278],[134.772918,47.763391],[134.779694,47.7159],[134.689766,47.63813],[134.678064,47.588507],[134.627556,47.546512],[134.576434,47.519036],[134.568426,47.478199],[134.307268,47.428829],[134.177305,47.326299],[134.156979,47.248357],[134.210566,47.210155],[134.230276,47.182097],[134.232739,47.134892],[134.222268,47.105164],[134.142812,47.093349],[134.063972,46.979962],[134.011001,46.637941],[133.919842,46.596012],[133.890893,46.525235],[133.849625,46.475389],[133.948791,46.401153],[133.869335,46.338386],[133.922922,46.330948],[133.909987,46.254447],[133.867487,46.250722],[133.87919,46.233752],[133.849625,46.203939],[133.814517,46.230854],[133.794807,46.193583],[133.764626,46.17328],[133.706111,46.163333],[133.690713,46.133896],[133.745531,46.075389],[133.676546,45.94321],[133.614952,45.942794],[133.618032,45.903662],[133.583539,45.868669],[133.55459,45.893249],[133.51209,45.887001],[133.467743,45.834905],[133.469591,45.799451],[133.505315,45.785681],[133.469591,45.777751],[133.486837,45.740173],[133.454192,45.731819],[133.445569,45.705077],[133.484989,45.691702],[133.485605,45.658667],[133.448649,45.647372],[133.471438,45.631053],[133.412924,45.618079],[133.423395,45.584163],[133.203505,45.516689],[133.143759,45.430658],[133.095715,45.246827],[133.129592,45.211422],[133.139447,45.127459],[132.954049,45.023072],[132.003655,45.25441],[131.887858,45.342393],[131.82996,45.311677],[131.79362,45.211844],[131.759127,45.213952],[131.721555,45.234606],[131.681519,45.215217],[131.650722,45.159962],[131.687678,45.1511],[131.695685,45.132104],[131.484418,44.99557],[131.501664,44.977793],[131.355071,44.990068],[131.274999,44.919766],[131.263296,44.929935],[131.207861,44.913833],[131.20355,44.932901],[131.16105,44.948151],[131.090217,44.924427],[131.10192,44.898997],[131.07913,44.881614],[130.965181,44.85065],[131.016304,44.789521],[131.064348,44.786973],[131.111775,44.710042],[131.310723,44.046623],[131.26576,44.034578],[131.254057,43.893289],[131.2171,43.836334],[131.239274,43.670337],[131.20047,43.532089],[131.276847,43.495632],[131.304564,43.502144],[131.294093,43.470012],[131.234963,43.475224],[131.142572,43.425695],[131.026775,43.508655],[130.959638,43.48608],[130.907283,43.434387],[130.864167,43.437863],[130.841378,43.454374],[130.822899,43.503446],[130.623335,43.589767],[130.630726,43.622268],[130.412684,43.652586],[130.394206,43.703227],[130.423155,43.745179],[130.382503,43.777164],[130.381887,43.910106],[130.338155,43.963975],[130.364025,43.992399],[130.365256,44.044042],[130.319061,44.03974],[130.262395,43.949328],[130.208192,43.948466],[130.153373,43.915711],[130.079461,43.835039],[130.027722,43.851872],[130.017867,43.961821],[129.979062,44.015644],[129.951345,44.027263],[129.868193,44.012631],[129.743158,43.876035],[129.467833,43.874741],[129.348341,43.798333],[129.254718,43.819496],[129.211602,43.784509],[129.23008,43.593234],[129.013886,43.522976],[128.962763,43.53903],[128.949828,43.553779],[128.878379,43.539898],[128.768126,43.732207],[128.729322,43.736964],[128.760119,43.755554],[128.739177,43.806972],[128.719467,43.816905],[128.760734,43.857482],[128.729938,43.889838],[128.696061,43.903207],[128.636315,43.891132],[128.64001,43.948035],[128.471859,44.157501],[128.450301,44.203423],[128.472475,44.320001],[128.446605,44.339694],[128.475555,44.346114],[128.481714,44.375637],[128.457076,44.409848],[128.463236,44.431647],[128.372693,44.514495],[128.211317,44.431647],[128.172512,44.34697],[128.074578,44.370075],[128.049941,44.349965],[128.065339,44.307155],[128.101679,44.293449],[128.064107,44.251454],[128.104143,44.230017],[128.09244,44.181539],[128.060411,44.168663],[128.088129,44.158359],[128.091208,44.133022],[127.912586,44.064687],[127.783239,44.071997],[127.729036,44.09908],[127.735811,44.11412],[127.712406,44.199133],[127.681609,44.166946],[127.59045,44.227872],[127.623711,44.278025],[127.579363,44.310581],[127.486356,44.410275],[127.50853,44.437202],[127.463566,44.484615],[127.465414,44.516628],[127.485124,44.528576],[127.536247,44.522176],[127.570124,44.55033],[127.557189,44.575488],[127.392733,44.632158],[127.275705,44.640249],[127.261538,44.61299],[127.182082,44.644507],[127.049655,44.566961],[127.041032,44.712169],[126.9973,44.764882],[126.984366,44.823914],[126.999764,44.87398],[127.092771,44.94688],[126.970815,45.070852],[126.96404,45.132104],[126.85625,45.145613],[126.792808,45.135481],[126.569222,45.252725],[126.402919,45.222805],[126.235383,45.140125],[125.998247,45.162072],[125.992703,45.192447],[125.823936,45.237978],[125.695205,45.352066],[125.712451,45.389485],[125.711835,45.477677],[125.687813,45.514173],[125.497488,45.469283],[125.480242,45.486488],[125.424807,45.485649],[125.434662,45.462988],[125.398322,45.416797],[125.361981,45.392847],[125.319482,45.422678],[125.097127,45.38276],[125.025678,45.493201],[124.961005,45.495299],[124.936983,45.53388],[124.911114,45.535976],[124.884628,45.495299],[124.886476,45.442836],[124.839665,45.455852],[124.792853,45.436958],[124.776223,45.468024],[124.575427,45.451234],[124.579738,45.424358],[124.544014,45.411756],[124.507058,45.424778],[124.480572,45.456271],[124.398652,45.440737],[124.348761,45.546874],[124.287783,45.539329],[124.264377,45.555256],[124.273001,45.584163],[124.238508,45.591702],[124.226805,45.633564],[124.162132,45.616404],[124.128255,45.641933],[124.13503,45.690448],[124.001987,45.770655],[124.064197,45.802372],[124.03648,45.83824],[124.067277,45.840325],[124.061118,45.886168],[123.996444,45.906993],[123.968727,45.936551],[123.973654,45.973997],[124.011842,45.981899],[123.989053,46.011833],[124.040176,46.01973],[123.99398,46.101123],[124.01677,46.118549],[123.991516,46.143019],[124.001987,46.166649],[123.971806,46.170379],[123.956408,46.206009],[123.979814,46.228784],[123.952096,46.256516],[123.960103,46.288369],[123.936082,46.286715],[123.917604,46.25693],[123.896046,46.303668],[123.84985,46.302428],[123.569598,46.223816]]]]}},{"type":"Feature","properties":{"adcode":310000,"name":"上海市","center":[121.472644,31.231706],"centroid":[121.438737,31.072559],"childrenNum":16,"level":"province","parent":{"adcode":100000},"subFeatureIndex":8,"acroutes":[100000]},"geometry":{"type":"MultiPolygon","coordinates":[[[[120.901349,31.017327],[120.890878,31.094229],[120.859465,31.100379],[120.881023,31.134706],[121.076892,31.158267],[121.060261,31.245289],[121.090442,31.291838],[121.142797,31.275472],[121.130478,31.343987],[121.113848,31.37465],[121.241963,31.493117],[121.343593,31.511996],[121.722396,31.3036],[121.977395,31.016301],[121.990945,30.96859],[121.994025,30.862823],[121.943518,30.776993],[121.904714,30.814007],[121.681128,30.818633],[121.601056,30.805269],[121.517288,30.775451],[121.426129,30.730192],[121.362071,30.679764],[121.274608,30.677191],[121.21671,30.785734],[121.174826,30.771851],[121.123087,30.77905],[121.13787,30.826342],[121.097833,30.857171],[121.060261,30.845354],[121.038087,30.814007],[120.991892,30.837133],[121.020225,30.872069],[120.993124,30.889532],[121.000515,30.938309],[120.989428,31.01425],[120.901349,31.017327]]],[[[121.974931,31.61704],[121.995873,31.493117],[121.981706,31.464024],[121.890547,31.428795],[121.819098,31.437987],[121.434136,31.590535],[121.395332,31.585437],[121.371926,31.553314],[121.118775,31.759119],[121.200079,31.834907],[121.265369,31.863883],[121.323267,31.868458],[121.384861,31.833382],[121.431673,31.769295],[121.49881,31.753012],[121.599824,31.703128],[121.974931,31.61704]]],[[[121.795693,31.330186],[121.785222,31.31127],[121.76428,31.31536],[121.509897,31.4824],[121.742106,31.407345],[121.792613,31.363408],[121.795693,31.330186]]],[[[121.801852,31.356765],[121.792613,31.377715],[121.845584,31.37465],[122.122756,31.307179],[122.097503,31.255522],[121.840656,31.295418],[121.8037,31.328652],[121.801852,31.356765]]]]}},{"type":"Feature","properties":{"adcode":320000,"name":"江苏省","center":[118.767413,32.041544],"centroid":[119.486506,32.983991],"childrenNum":13,"level":"province","parent":{"adcode":100000},"subFeatureIndex":9,"acroutes":[100000]},"geometry":{"type":"MultiPolygon","coordinates":[[[[117.311654,34.561686],[117.370785,34.584846],[117.465023,34.484767],[117.53832,34.467006],[117.592523,34.462566],[117.684298,34.547392],[117.801942,34.518798],[117.791471,34.583368],[117.793935,34.651827],[117.902956,34.644443],[117.909732,34.670533],[117.951615,34.678408],[118.053861,34.650843],[118.084042,34.655766],[118.114839,34.614404],[118.079115,34.569571],[118.185056,34.543942],[118.16473,34.50499],[118.132702,34.483287],[118.177665,34.45319],[118.179513,34.379628],[118.290382,34.424563],[118.379693,34.415183],[118.439439,34.507949],[118.424657,34.595193],[118.439439,34.626223],[118.473932,34.623269],[118.460997,34.656258],[118.545997,34.705964],[118.690127,34.678408],[118.739402,34.693663],[118.783749,34.723181],[118.764039,34.740396],[118.719076,34.745313],[118.860742,34.944233],[118.86259,35.025626],[119.114509,35.055026],[119.137915,35.096167],[119.286972,35.115261],[119.307298,35.032977],[119.291899,35.028567],[119.285124,35.068252],[119.238313,35.048657],[119.211211,34.981507],[119.214907,34.925589],[119.202588,34.890253],[119.217371,34.827886],[119.238313,34.799388],[119.378747,34.764489],[119.440957,34.769406],[119.439725,34.785136],[119.497007,34.754164],[119.494543,34.754656],[119.381827,34.752198],[119.456971,34.748264],[119.525956,34.73351],[119.465594,34.672994],[119.641137,34.569078],[120.311895,34.306991],[120.367329,34.091674],[120.680227,33.520306],[120.717183,33.436945],[120.741205,33.337505],[120.833595,33.274984],[120.819429,33.237951],[120.871784,33.047032],[120.917979,33.02596],[120.932762,33.005887],[120.957399,32.893395],[120.981421,32.85972],[120.972182,32.761134],[120.953088,32.714318],[120.916131,32.701225],[120.963559,32.68259],[120.979573,32.636236],[120.961711,32.612042],[121.425513,32.430885],[121.450151,32.282256],[121.493882,32.263533],[121.499426,32.211394],[121.458774,32.177462],[121.759352,32.059362],[121.772287,32.032984],[121.856055,31.955328],[121.889315,31.866425],[121.970004,31.718911],[121.974931,31.61704],[121.599824,31.703128],[121.49881,31.753012],[121.431673,31.769295],[121.384861,31.833382],[121.323267,31.868458],[121.265369,31.863883],[121.200079,31.834907],[121.118775,31.759119],[121.371926,31.553314],[121.343593,31.511996],[121.174826,31.44922],[121.143413,31.392021],[121.113848,31.37465],[121.130478,31.343987],[121.142797,31.275472],[121.090442,31.291838],[121.060261,31.245289],[121.076892,31.158267],[120.881023,31.134706],[120.859465,31.100379],[120.890878,31.094229],[120.901349,31.017327],[120.698089,30.970643],[120.713487,30.88491],[120.68269,30.882342],[120.654973,30.846896],[120.589684,30.854089],[120.563814,30.835592],[120.504684,30.757967],[120.435083,30.920855],[120.42338,30.902884],[120.35809,30.886964],[120.371025,30.948575],[120.316206,30.933689],[120.223816,30.926502],[120.149903,30.937283],[120.111099,30.955761],[120.052584,31.00553],[120.001461,31.027071],[119.921389,31.170045],[119.878274,31.160828],[119.827151,31.174142],[119.809904,31.148536],[119.779723,31.17875],[119.678093,31.167997],[119.623891,31.130096],[119.599869,31.10909],[119.532732,31.159291],[119.391682,31.174142],[119.350414,31.301043],[119.338095,31.259103],[119.294363,31.263195],[119.266646,31.250405],[119.158241,31.294907],[119.107118,31.250917],[119.10527,31.235055],[118.794836,31.229426],[118.756648,31.279564],[118.726467,31.282121],[118.720924,31.322518],[118.745561,31.372606],[118.852119,31.393553],[118.883532,31.500261],[118.885995,31.519139],[118.881684,31.564023],[118.858894,31.623665],[118.802844,31.619078],[118.773894,31.682759],[118.748025,31.675629],[118.736322,31.633347],[118.643315,31.649651],[118.643315,31.671555],[118.697518,31.709747],[118.653786,31.73011],[118.641467,31.75861],[118.571866,31.746397],[118.5577,31.73011],[118.481939,31.778453],[118.504729,31.841516],[118.363679,31.930443],[118.389548,31.985281],[118.394476,32.076098],[118.433896,32.086746],[118.501033,32.121726],[118.49549,32.165304],[118.510888,32.194176],[118.643931,32.209875],[118.674728,32.250375],[118.657482,32.30148],[118.703061,32.328792],[118.685199,32.403604],[118.691359,32.472295],[118.628533,32.467751],[118.592192,32.481383],[118.608823,32.536899],[118.564475,32.562122],[118.568787,32.585825],[118.719076,32.614059],[118.784981,32.582295],[118.820706,32.60448],[118.84288,32.56767],[118.908169,32.59238],[118.890923,32.553042],[118.975923,32.505108],[119.041212,32.515201],[119.084944,32.452602],[119.142226,32.499556],[119.168096,32.536394],[119.152697,32.557582],[119.22045,32.576748],[119.230921,32.607001],[119.184726,32.825529],[119.113277,32.823014],[119.054763,32.8748],[119.020886,32.955685],[118.849039,32.956689],[118.810235,32.853687],[118.743097,32.853184],[118.743097,32.853184],[118.73817,32.772708],[118.756648,32.737477],[118.707373,32.72036],[118.642699,32.744525],[118.375382,32.718849],[118.363063,32.770695],[118.334114,32.761637],[118.300237,32.783275],[118.301469,32.846145],[118.250346,32.848157],[118.2331,32.914498],[118.303933,32.96874],[118.26944,32.969242],[118.244803,32.998359],[118.217085,33.191888],[118.178281,33.217926],[118.149332,33.169348],[118.038463,33.134776],[117.977485,33.226437],[117.942376,33.224936],[117.939297,33.262475],[118.029224,33.374995],[118.050782,33.491863],[118.107448,33.475391],[118.117919,33.594615],[118.112376,33.617045],[118.16781,33.663381],[118.161035,33.735576],[118.117919,33.766427],[118.065564,33.76593],[117.750203,33.710688],[117.72495,33.74951],[117.753899,33.891211],[117.715095,33.879287],[117.629479,34.028708],[117.612849,34.000433],[117.569117,33.985051],[117.543248,34.038627],[117.514914,34.060941],[117.435458,34.028212],[117.404045,34.03218],[117.357234,34.088205],[117.192162,34.068873],[117.025243,34.167469],[117.051112,34.221425],[116.969192,34.283753],[116.969192,34.389012],[116.909446,34.408271],[116.828142,34.389012],[116.782563,34.429993],[116.773939,34.453683],[116.592237,34.493646],[116.430245,34.650843],[116.374195,34.640011],[116.392057,34.710391],[116.363724,34.715311],[116.369267,34.749247],[116.403144,34.756131],[116.408071,34.850972],[116.445028,34.895652],[116.622418,34.939818],[116.677853,34.939327],[116.781331,34.916757],[116.789338,34.975133],[116.815823,34.965324],[116.821983,34.929515],[116.858323,34.928533],[116.922381,34.894671],[116.929156,34.843114],[116.966113,34.844588],[116.979047,34.815113],[116.95133,34.81069],[116.969192,34.771864],[117.022163,34.759081],[117.070206,34.713835],[117.061583,34.675947],[117.073286,34.639026],[117.104083,34.648874],[117.15151,34.559222],[117.139191,34.526687],[117.166293,34.434435],[117.248213,34.451216],[117.267923,34.532603],[117.303647,34.542463],[117.27285,34.556757],[117.311654,34.561686]]]]}},{"type":"Feature","properties":{"adcode":330000,"name":"浙江省","center":[120.153576,30.287459],"centroid":[120.109913,29.181466],"childrenNum":11,"level":"province","parent":{"adcode":100000},"subFeatureIndex":10,"acroutes":[100000]},"geometry":{"type":"MultiPolygon","coordinates":[[[[118.433896,28.288335],[118.480091,28.327325],[118.455454,28.384204],[118.432048,28.402104],[118.456686,28.424738],[118.474548,28.478934],[118.414802,28.497344],[118.428352,28.681267],[118.403099,28.702791],[118.364295,28.813491],[118.300237,28.826075],[118.270056,28.918836],[118.195527,28.904167],[118.227556,28.942406],[118.097593,28.998952],[118.037847,29.102017],[118.042159,29.210202],[118.073571,29.216993],[118.077883,29.290614],[118.138861,29.283828],[118.178281,29.297921],[118.193064,29.395472],[118.248498,29.431443],[118.316252,29.422581],[118.306396,29.479384],[118.329802,29.495012],[118.347664,29.474174],[118.381541,29.504909],[118.496106,29.519492],[118.500417,29.57572],[118.532446,29.588731],[118.573714,29.638159],[118.61991,29.654282],[118.647011,29.64336],[118.700598,29.706277],[118.744945,29.73902],[118.740634,29.814859],[118.841032,29.891159],[118.838568,29.934733],[118.894619,29.937845],[118.873677,30.11505],[118.895234,30.148694],[118.852119,30.149729],[118.852735,30.166805],[118.929727,30.2025],[118.880452,30.31519],[118.954365,30.360126],[118.988857,30.332237],[119.06277,30.304856],[119.091719,30.323972],[119.126828,30.304856],[119.201356,30.290905],[119.236465,30.297106],[119.246936,30.341018],[119.402768,30.374584],[119.36766,30.38491],[119.335015,30.448389],[119.336247,30.508734],[119.326392,30.532964],[119.272189,30.510281],[119.237081,30.546881],[119.265414,30.574709],[119.238929,30.609225],[119.39045,30.685941],[119.408312,30.645274],[119.444652,30.650422],[119.482841,30.704467],[119.479761,30.772365],[119.575847,30.829939],[119.557369,30.874124],[119.563529,30.919315],[119.633746,31.019379],[119.629434,31.085517],[119.649144,31.104991],[119.623891,31.130096],[119.678093,31.167997],[119.779723,31.17875],[119.809904,31.148536],[119.827151,31.174142],[119.878274,31.160828],[119.921389,31.170045],[120.001461,31.027071],[120.052584,31.00553],[120.111099,30.955761],[120.149903,30.937283],[120.223816,30.926502],[120.316206,30.933689],[120.371025,30.948575],[120.35809,30.886964],[120.42338,30.902884],[120.435083,30.920855],[120.504684,30.757967],[120.563814,30.835592],[120.589684,30.854089],[120.654973,30.846896],[120.68269,30.882342],[120.713487,30.88491],[120.698089,30.970643],[120.746132,30.962432],[120.770154,30.996809],[120.820661,31.006556],[120.865624,30.989627],[120.949392,31.030148],[120.989428,31.01425],[121.000515,30.938309],[120.993124,30.889532],[121.020225,30.872069],[120.991892,30.837133],[121.038087,30.814007],[121.060261,30.845354],[121.097833,30.857171],[121.13787,30.826342],[121.123087,30.77905],[121.174826,30.771851],[121.21671,30.785734],[121.232108,30.755909],[121.272144,30.723504],[121.274608,30.677191],[121.239499,30.648878],[121.058413,30.563888],[121.092906,30.515952],[121.183449,30.434458],[121.225333,30.404526],[121.328195,30.397299],[121.371926,30.37097],[121.721164,29.992802],[121.78399,29.99332],[121.835113,29.958068],[121.919497,29.920729],[121.971235,29.955476],[122.00388,29.92021],[122.00696,29.891678],[122.140003,29.901535],[122.003264,29.762401],[121.937359,29.748373],[121.833265,29.653242],[121.966308,29.636078],[122.000185,29.582486],[121.995257,29.545007],[121.968772,29.515846],[121.973083,29.477821],[121.993409,29.45229],[121.975547,29.411113],[121.937975,29.384],[121.94475,29.28435],[122.000185,29.278608],[122.002032,29.260336],[121.966924,29.249894],[121.971851,29.193485],[121.948446,29.193485],[121.986634,29.154817],[121.966308,29.052852],[121.884388,29.105677],[121.85975,29.086328],[121.811091,29.10986],[121.780294,29.10986],[121.767975,29.166837],[121.750113,29.136523],[121.715621,29.125022],[121.608447,29.168927],[121.616454,29.143318],[121.660186,29.118226],[121.658954,29.058606],[121.712541,29.028783],[121.774751,28.863818],[121.687287,28.863294],[121.704534,28.804577],[121.689135,28.719062],[121.646019,28.682842],[121.540694,28.655537],[121.634317,28.562542],[121.692831,28.407368],[121.658954,28.392628],[121.634317,28.347868],[121.660186,28.355768],[121.669425,28.33312],[121.627541,28.251966],[121.580114,28.240368],[121.571491,28.279376],[121.538846,28.299401],[121.488955,28.301509],[121.373774,28.133287],[121.328195,28.134343],[121.299862,28.067297],[121.261057,28.034551],[121.176058,28.022401],[121.140949,28.031382],[121.121239,28.12537],[121.108304,28.139092],[121.059029,28.096338],[121.015298,27.981714],[120.991892,27.95],[121.05595,27.900294],[121.099681,27.895005],[121.162507,27.90717],[121.192072,27.822518],[121.134174,27.787051],[121.152036,27.815638],[121.027616,27.832574],[120.97403,27.887071],[120.942001,27.896592],[120.910588,27.864852],[120.840371,27.758986],[120.809574,27.775402],[120.777545,27.774873],[120.634647,27.577186],[120.637111,27.561271],[120.703016,27.478475],[120.673451,27.420055],[120.665444,27.357884],[120.580444,27.321203],[120.545952,27.156785],[120.492365,27.136016],[120.461568,27.142407],[120.404286,27.204166],[120.401822,27.250996],[120.430155,27.258976],[120.343924,27.363199],[120.340844,27.399867],[120.273091,27.38924],[120.26262,27.432804],[120.221352,27.420055],[120.134504,27.420055],[120.052584,27.338747],[120.026099,27.344063],[120.008237,27.375423],[119.843165,27.300464],[119.768636,27.307909],[119.782187,27.330241],[119.685485,27.438646],[119.703347,27.446613],[119.70889,27.514042],[119.690412,27.537394],[119.659615,27.540578],[119.675014,27.574534],[119.630666,27.582491],[119.626354,27.620676],[119.644217,27.663619],[119.606028,27.674749],[119.541971,27.666799],[119.501319,27.649837],[119.501935,27.610601],[119.466826,27.526249],[119.360269,27.524657],[119.26911,27.42218],[119.224146,27.416868],[119.14777,27.424836],[119.121284,27.438115],[119.129907,27.475289],[119.020886,27.498118],[118.983314,27.498649],[118.986393,27.47582],[118.955597,27.4498],[118.907553,27.460952],[118.869365,27.540047],[118.909401,27.568168],[118.913713,27.619616],[118.818242,27.916689],[118.753568,27.947885],[118.730163,27.970615],[118.733858,28.027684],[118.719076,28.063601],[118.767735,28.10584],[118.802228,28.117453],[118.805923,28.154923],[118.771431,28.188687],[118.804075,28.207675],[118.802228,28.240368],[118.756032,28.252493],[118.719692,28.312047],[118.699366,28.309939],[118.674728,28.27147],[118.651322,28.277267],[118.595272,28.258292],[118.588497,28.282538],[118.493026,28.262509],[118.490562,28.238259],[118.444367,28.253548],[118.433896,28.288335]]],[[[122.163408,29.988137],[122.027902,29.991247],[121.934895,30.161631],[121.955221,30.183878],[122.048844,30.147141],[122.095655,30.158008],[122.152938,30.113497],[122.293988,30.100554],[122.343879,30.020269],[122.341415,29.976733],[122.322321,29.940438],[122.163408,29.988137]]],[[[122.162793,30.329654],[122.176343,30.351863],[122.191126,30.329654],[122.228082,30.329654],[122.247176,30.30124],[122.231778,30.234562],[122.154169,30.244903],[122.058083,30.291938],[122.162793,30.329654]]],[[[122.372212,29.893234],[122.330944,29.937845],[122.411632,29.951846],[122.43319,29.919173],[122.433806,29.883376],[122.401777,29.869884],[122.415944,29.828877],[122.386379,29.834069],[122.372212,29.893234]]],[[[122.43011,30.408655],[122.281669,30.418461],[122.277973,30.471603],[122.37406,30.461802],[122.432574,30.445294],[122.43011,30.408655]]],[[[122.265038,29.84549],[122.319241,29.829397],[122.310002,29.766557],[122.248408,29.804473],[122.221307,29.832512],[122.265038,29.84549]]],[[[121.943518,30.776993],[121.970004,30.789333],[122.011271,30.66947],[122.075329,30.647848],[122.133227,30.595317],[122.087032,30.602014],[121.997105,30.658659],[121.968156,30.688514],[121.943518,30.776993]]],[[[122.182503,29.650642],[122.047612,29.719791],[122.083952,29.78318],[122.13138,29.788893],[122.146778,29.749412],[122.200365,29.712515],[122.211452,29.692241],[122.182503,29.650642]]],[[[121.850511,29.977251],[121.848663,30.101072],[121.88562,30.094859],[121.924424,30.052391],[121.933047,29.994875],[121.874533,29.964809],[121.850511,29.977251]]]]}},{"type":"Feature","properties":{"adcode":340000,"name":"安徽省","center":[117.283042,31.86119],"centroid":[117.226884,31.849254],"childrenNum":16,"level":"province","parent":{"adcode":100000},"subFeatureIndex":11,"acroutes":[100000]},"geometry":{"type":"MultiPolygon","coordinates":[[[[116.599629,34.014324],[116.52818,34.122892],[116.536187,34.151127],[116.565752,34.16945],[116.542962,34.203608],[116.545426,34.241711],[116.582382,34.266444],[116.562056,34.285731],[116.516477,34.296114],[116.372347,34.26595],[116.357564,34.319843],[116.213435,34.382098],[116.162312,34.459605],[116.178326,34.496112],[116.204196,34.508442],[116.191261,34.535561],[116.196804,34.575977],[116.247927,34.551829],[116.286116,34.608986],[116.430245,34.650843],[116.592237,34.493646],[116.773939,34.453683],[116.782563,34.429993],[116.828142,34.389012],[116.909446,34.408271],[116.969192,34.389012],[116.969192,34.283753],[117.051112,34.221425],[117.025243,34.167469],[117.192162,34.068873],[117.357234,34.088205],[117.404045,34.03218],[117.435458,34.028212],[117.514914,34.060941],[117.543248,34.038627],[117.569117,33.985051],[117.612849,34.000433],[117.629479,34.028708],[117.715095,33.879287],[117.753899,33.891211],[117.72495,33.74951],[117.750203,33.710688],[118.065564,33.76593],[118.117919,33.766427],[118.161035,33.735576],[118.16781,33.663381],[118.112376,33.617045],[118.117919,33.594615],[118.107448,33.475391],[118.050782,33.491863],[118.029224,33.374995],[117.939297,33.262475],[117.942376,33.224936],[117.977485,33.226437],[118.038463,33.134776],[118.149332,33.169348],[118.178281,33.217926],[118.217085,33.191888],[118.244803,32.998359],[118.26944,32.969242],[118.303933,32.96874],[118.2331,32.914498],[118.250346,32.848157],[118.301469,32.846145],[118.300237,32.783275],[118.334114,32.761637],[118.363063,32.770695],[118.375382,32.718849],[118.411106,32.715828],[118.450526,32.743518],[118.483787,32.721367],[118.756648,32.737477],[118.743097,32.853184],[118.810235,32.853687],[118.849039,32.956689],[119.020886,32.955685],[119.054763,32.8748],[119.113277,32.823014],[119.184726,32.825529],[119.230921,32.607001],[119.22045,32.576748],[119.152697,32.557582],[119.168096,32.536394],[119.142226,32.499556],[119.084944,32.452602],[119.041212,32.515201],[118.975923,32.505108],[118.890923,32.553042],[118.908169,32.59238],[118.84288,32.56767],[118.820706,32.60448],[118.784981,32.582295],[118.719076,32.614059],[118.568787,32.585825],[118.564475,32.562122],[118.608823,32.536899],[118.592192,32.481383],[118.628533,32.467751],[118.691359,32.472295],[118.685199,32.403604],[118.703061,32.328792],[118.657482,32.30148],[118.674728,32.250375],[118.643931,32.209875],[118.510888,32.194176],[118.49549,32.165304],[118.501033,32.121726],[118.433896,32.086746],[118.394476,32.076098],[118.389548,31.985281],[118.363679,31.930443],[118.504729,31.841516],[118.481939,31.778453],[118.533678,31.76726],[118.521975,31.743343],[118.641467,31.75861],[118.653786,31.73011],[118.697518,31.709747],[118.643315,31.671555],[118.643315,31.649651],[118.736322,31.633347],[118.748025,31.675629],[118.773894,31.682759],[118.802844,31.619078],[118.858894,31.623665],[118.881684,31.564023],[118.885995,31.519139],[118.865669,31.519139],[118.857046,31.506384],[118.883532,31.500261],[118.852119,31.393553],[118.745561,31.372606],[118.720924,31.322518],[118.726467,31.282121],[118.756648,31.279564],[118.794836,31.229426],[119.10527,31.235055],[119.107118,31.250917],[119.158241,31.294907],[119.266646,31.250405],[119.294363,31.263195],[119.338095,31.259103],[119.350414,31.301043],[119.391682,31.174142],[119.532732,31.159291],[119.599869,31.10909],[119.623891,31.130096],[119.649144,31.104991],[119.629434,31.085517],[119.633746,31.019379],[119.563529,30.919315],[119.557369,30.874124],[119.575847,30.829939],[119.479761,30.772365],[119.482841,30.704467],[119.444652,30.650422],[119.408312,30.645274],[119.39045,30.685941],[119.238929,30.609225],[119.265414,30.574709],[119.237081,30.546881],[119.272189,30.510281],[119.326392,30.532964],[119.336247,30.508734],[119.335015,30.448389],[119.36766,30.38491],[119.402768,30.374584],[119.246936,30.341018],[119.236465,30.297106],[119.201356,30.290905],[119.126828,30.304856],[119.091719,30.323972],[119.06277,30.304856],[118.988857,30.332237],[118.954365,30.360126],[118.880452,30.31519],[118.929727,30.2025],[118.852735,30.166805],[118.852119,30.149729],[118.895234,30.148694],[118.873677,30.11505],[118.894619,29.937845],[118.838568,29.934733],[118.841032,29.891159],[118.740634,29.814859],[118.744945,29.73902],[118.700598,29.706277],[118.647011,29.64336],[118.61991,29.654282],[118.573714,29.638159],[118.532446,29.588731],[118.500417,29.57572],[118.496106,29.519492],[118.381541,29.504909],[118.347664,29.474174],[118.329802,29.495012],[118.306396,29.479384],[118.316252,29.422581],[118.248498,29.431443],[118.193064,29.395472],[118.136397,29.418932],[118.127774,29.47209],[118.143788,29.489803],[118.00397,29.578322],[117.933753,29.549172],[117.872775,29.54761],[117.795167,29.570515],[117.729877,29.550213],[117.647957,29.614749],[117.608537,29.591333],[117.543248,29.588731],[117.523538,29.630356],[117.530313,29.654282],[117.490277,29.660003],[117.453936,29.688082],[117.415132,29.85068],[117.382487,29.840818],[117.359082,29.812782],[117.338756,29.848085],[117.29256,29.822647],[117.25314,29.834588],[117.261763,29.880781],[117.246365,29.915023],[117.2168,29.926953],[117.171836,29.920729],[117.129952,29.89946],[117.127489,29.86158],[117.073286,29.831992],[117.123177,29.798761],[117.136728,29.775388],[117.108395,29.75201],[117.112706,29.711995],[117.041873,29.680803],[116.996294,29.683403],[116.849084,29.57624],[116.780715,29.569994],[116.760389,29.599139],[116.721585,29.564789],[116.716657,29.590813],[116.651983,29.637118],[116.680317,29.681323],[116.704954,29.688602],[116.673541,29.709916],[116.882961,29.893753],[116.900207,29.949253],[116.868794,29.980361],[116.83307,29.95755],[116.830606,30.004723],[116.666766,30.076734],[116.620571,30.073109],[116.585462,30.045657],[116.552201,29.909836],[116.525716,29.897385],[116.467818,29.896347],[116.342782,29.835626],[116.280572,29.788893],[116.13521,29.819532],[116.128435,29.897904],[116.073616,29.969993],[116.091479,30.036331],[116.065609,30.204569],[115.997856,30.252657],[115.985537,30.290905],[115.903001,30.31364],[115.91532,30.337919],[115.885139,30.379747],[115.921479,30.416397],[115.894994,30.452517],[115.910393,30.519046],[115.762567,30.685426],[115.782893,30.751795],[115.851262,30.756938],[115.865429,30.864364],[116.071769,30.956787],[116.058834,31.012711],[115.938726,31.04707],[115.867277,31.147512],[115.778582,31.112164],[115.700973,31.201276],[115.655394,31.211002],[115.603655,31.17363],[115.585793,31.143926],[115.507568,31.267799],[115.473076,31.265242],[115.443511,31.344498],[115.40717,31.337854],[115.372062,31.349098],[115.393004,31.389977],[115.371446,31.495668],[115.485394,31.608885],[115.476771,31.643028],[115.495249,31.673083],[115.676336,31.778453],[115.886371,31.776418],[115.914704,31.814567],[115.893762,31.832365],[115.894994,31.8649],[115.941805,32.166318],[115.865429,32.458662],[115.883291,32.487946],[115.845719,32.501575],[115.8759,32.542448],[115.910393,32.567165],[115.789052,32.468761],[115.771806,32.505108],[115.742241,32.476335],[115.704669,32.495013],[115.667712,32.409667],[115.657857,32.428864],[115.626445,32.40512],[115.522967,32.441997],[115.411482,32.575235],[115.304924,32.553042],[115.30554,32.583303],[115.20083,32.591876],[115.197135,32.856201],[115.155867,32.864747],[115.139237,32.897917],[115.029599,32.906962],[115.035143,32.932582],[115.009273,32.940117],[114.943368,32.935094],[114.916266,32.971251],[114.883006,32.990328],[114.891629,33.020441],[114.925506,33.016928],[114.902716,33.129764],[114.932897,33.153817],[114.966158,33.147304],[114.990795,33.102195],[115.041302,33.086653],[115.168186,33.088658],[115.194671,33.120743],[115.245178,33.135778],[115.289526,33.131769],[115.335105,33.297997],[115.361591,33.298497],[115.365286,33.336005],[115.341881,33.370997],[115.313547,33.376994],[115.345576,33.502842],[115.366518,33.5233],[115.394851,33.506335],[115.422569,33.557219],[115.639995,33.585143],[115.563003,33.772895],[115.576553,33.787817],[115.614126,33.775879],[115.631988,33.869846],[115.547604,33.874815],[115.60735,34.030196],[115.642459,34.03218],[115.658473,34.061437],[115.705901,34.059949],[115.736082,34.076805],[115.768726,34.061932],[115.809378,34.062428],[115.846335,34.028708],[115.85003,34.004898],[115.877132,34.002913],[115.876516,34.028708],[115.904233,34.009859],[115.95782,34.007875],[116.00032,33.965199],[115.982457,33.917039],[116.05945,33.860902],[116.055754,33.804727],[116.155536,33.709693],[116.437021,33.801246],[116.437637,33.846489],[116.486296,33.869846],[116.558361,33.881274],[116.566984,33.9081],[116.631042,33.887733],[116.64336,33.896675],[116.641512,33.978103],[116.599629,34.014324]]]]}},{"type":"Feature","properties":{"adcode":350000,"name":"福建省","center":[119.306239,26.075302],"centroid":[118.006468,26.069925],"childrenNum":9,"level":"province","parent":{"adcode":100000},"subFeatureIndex":12,"acroutes":[100000]},"geometry":{"type":"MultiPolygon","coordinates":[[[[119.004872,24.970009],[119.007335,24.963499],[119.032589,24.961871],[119.032589,24.961328],[119.014111,24.941252],[118.945741,24.954275],[118.91864,24.932569],[118.988857,24.878831],[118.933423,24.870687],[118.864437,24.887518],[118.834256,24.854397],[118.647627,24.843536],[118.650707,24.808774],[118.786213,24.77672],[118.778822,24.743569],[118.703677,24.665278],[118.670417,24.679962],[118.652554,24.653857],[118.661178,24.622306],[118.687047,24.63373],[118.680272,24.58204],[118.614366,24.521617],[118.558316,24.51236],[118.557084,24.572788],[118.512736,24.60816],[118.444367,24.614689],[118.363679,24.567889],[118.375382,24.536317],[118.242955,24.51236],[118.169042,24.559725],[118.150564,24.583673],[118.121615,24.570067],[118.084042,24.528695],[118.048934,24.418122],[118.088354,24.408858],[118.081579,24.35653],[118.112376,24.357075],[118.158571,24.269814],[118.019369,24.197232],[118.000275,24.152462],[117.936217,24.100029],[117.927594,24.039922],[117.910347,24.012045],[117.864768,24.004938],[117.807486,23.947521],[117.792703,23.906494],[117.671979,23.878041],[117.651653,23.815093],[117.660276,23.789357],[117.601762,23.70171],[117.54448,23.715956],[117.501364,23.70445],[117.493357,23.642514],[117.454552,23.628259],[117.463791,23.584937],[117.387415,23.555317],[117.302415,23.550379],[117.291328,23.571225],[117.192778,23.5619],[117.192778,23.629356],[117.055424,23.694038],[117.012308,23.855054],[116.981511,23.855602],[116.955642,23.922359],[116.976583,23.931659],[116.981511,23.999471],[116.953178,24.008218],[116.930388,24.064514],[116.9347,24.126794],[116.998757,24.179217],[116.956257,24.216883],[116.933468,24.220157],[116.903903,24.369614],[116.839229,24.442097],[116.860787,24.460075],[116.759157,24.545572],[116.761005,24.583128],[116.815207,24.654944],[116.777635,24.679418],[116.600861,24.654401],[116.570679,24.621762],[116.530027,24.604895],[116.485064,24.720196],[116.44626,24.714216],[116.375427,24.803885],[116.381586,24.82507],[116.417927,24.840821],[116.395137,24.877746],[116.244232,24.793563],[116.251007,24.82507],[116.221442,24.829959],[116.191877,24.877203],[116.153073,24.846795],[116.068073,24.850053],[116.015102,24.905975],[115.985537,24.899461],[115.907929,24.923343],[115.89253,24.936911],[115.870356,24.959701],[115.925175,24.960786],[115.873436,25.019911],[115.928255,25.050276],[115.908545,25.084428],[115.880212,25.092016],[115.855574,25.20957],[115.930719,25.236099],[115.949813,25.292386],[115.987385,25.290221],[116.008327,25.319437],[116.005247,25.490264],[116.063145,25.56317],[116.041588,25.62416],[116.068689,25.646282],[116.067457,25.703995],[116.106877,25.701299],[116.129667,25.758985],[116.18079,25.778926],[116.131515,25.824185],[116.132131,25.860273],[116.369883,25.963088],[116.360028,25.991601],[116.384666,26.030864],[116.489375,26.113649],[116.476441,26.172745],[116.435789,26.159854],[116.392057,26.171133],[116.412999,26.297822],[116.519557,26.410437],[116.553433,26.400253],[116.553433,26.365404],[116.601476,26.372911],[116.608252,26.429732],[116.638433,26.477418],[116.539267,26.559349],[116.553433,26.575942],[116.566368,26.650315],[116.520172,26.684543],[116.515245,26.720898],[116.557745,26.773806],[116.543578,26.803723],[116.548506,26.84004],[116.679085,26.978259],[116.936547,27.019319],[116.967344,27.061962],[117.05296,27.100327],[117.044953,27.146667],[117.149662,27.241419],[117.171836,27.29036],[117.104699,27.330773],[117.107163,27.393491],[117.133032,27.42218],[117.110242,27.458828],[117.103467,27.533149],[117.076982,27.566046],[117.054808,27.5427],[117.01662,27.563393],[117.024627,27.592569],[117.003685,27.625449],[117.040641,27.669979],[117.065279,27.665739],[117.094228,27.627569],[117.114554,27.692238],[117.174916,27.677399],[117.204481,27.683759],[117.205097,27.714492],[117.245133,27.71926],[117.296256,27.764282],[117.280242,27.871201],[117.334444,27.8876],[117.341836,27.855858],[117.52169,27.982243],[117.556182,27.966387],[117.609769,27.863265],[117.740348,27.800286],[117.788392,27.855858],[117.78716,27.896063],[117.856145,27.94577],[117.999043,27.991227],[118.096977,27.970615],[118.153644,28.062016],[118.356288,28.091586],[118.361215,28.155978],[118.375382,28.186577],[118.339041,28.193962],[118.314404,28.221913],[118.424041,28.291497],[118.490562,28.238259],[118.493026,28.262509],[118.588497,28.282538],[118.595272,28.258292],[118.651322,28.277267],[118.674728,28.27147],[118.699366,28.309939],[118.719692,28.312047],[118.756032,28.252493],[118.802228,28.240368],[118.804075,28.207675],[118.771431,28.188687],[118.805923,28.154923],[118.802228,28.117453],[118.767735,28.10584],[118.719076,28.063601],[118.733858,28.027684],[118.730163,27.970615],[118.753568,27.947885],[118.818242,27.916689],[118.913713,27.619616],[118.909401,27.568168],[118.869365,27.540047],[118.907553,27.460952],[118.955597,27.4498],[118.986393,27.47582],[118.983314,27.498649],[119.020886,27.498118],[119.129907,27.475289],[119.121284,27.438115],[119.14777,27.424836],[119.224146,27.416868],[119.26911,27.42218],[119.360269,27.524657],[119.466826,27.526249],[119.501935,27.610601],[119.501319,27.649837],[119.541971,27.666799],[119.606028,27.674749],[119.644217,27.663619],[119.626354,27.620676],[119.630666,27.582491],[119.675014,27.574534],[119.659615,27.540578],[119.690412,27.537394],[119.70889,27.514042],[119.703347,27.446613],[119.685485,27.438646],[119.782187,27.330241],[119.768636,27.307909],[119.843165,27.300464],[120.008237,27.375423],[120.026099,27.344063],[120.052584,27.338747],[120.134504,27.420055],[120.221352,27.420055],[120.26262,27.432804],[120.273091,27.38924],[120.340844,27.399867],[120.343924,27.363199],[120.430155,27.258976],[120.401822,27.250996],[120.404286,27.204166],[120.461568,27.142407],[120.403054,27.10086],[120.391967,27.081146],[120.282946,27.089671],[120.29588,27.035845],[120.233055,26.907837],[120.126497,26.920644],[120.117874,26.882751],[120.054432,26.863533],[120.103707,26.794642],[120.136352,26.797847],[120.106787,26.752966],[120.151135,26.750829],[120.162222,26.717691],[120.110483,26.692563],[120.1382,26.638012],[119.967585,26.597885],[119.867187,26.509019],[119.828383,26.524013],[119.851788,26.595209],[119.901679,26.624638],[119.949107,26.624638],[119.99407,26.720363],[120.061824,26.768997],[120.052584,26.786629],[119.942947,26.784492],[119.908455,26.661547],[119.873962,26.642827],[119.864107,26.671174],[119.833926,26.690959],[119.711354,26.686681],[119.664543,26.726243],[119.577695,26.622498],[119.605412,26.595744],[119.670086,26.618218],[119.740303,26.610727],[119.788346,26.583435],[119.83639,26.454381],[119.835774,26.434019],[119.893672,26.355752],[119.946027,26.374519],[119.95465,26.352534],[119.904143,26.308552],[119.806825,26.307479],[119.802513,26.268846],[119.7711,26.285481],[119.676246,26.262943],[119.664543,26.202282],[119.604181,26.168985],[119.668854,26.026024],[119.700267,26.032477],[119.723673,26.011503],[119.69534,25.904424],[119.638057,25.889888],[119.628202,25.87212],[119.602949,25.68512],[119.543819,25.684581],[119.472986,25.662466],[119.478529,25.631715],[119.541355,25.6247],[119.534579,25.585303],[119.586934,25.59232],[119.634362,25.475137],[119.675014,25.475137],[119.680557,25.497827],[119.715666,25.51187],[119.716898,25.551292],[119.683637,25.592859],[119.700267,25.616606],[119.785883,25.66786],[119.790194,25.614447],[119.883817,25.546432],[119.811136,25.507009],[119.866571,25.455145],[119.804977,25.457847],[119.764325,25.433529],[119.773564,25.395691],[119.675014,25.468113],[119.622659,25.434069],[119.670086,25.435691],[119.649144,25.342697],[119.597405,25.334584],[119.577695,25.445959],[119.548746,25.365952],[119.486536,25.369737],[119.491464,25.443257],[119.463131,25.448661],[119.438493,25.412449],[119.45266,25.493505],[119.400921,25.493505],[119.359037,25.521592],[119.343638,25.472436],[119.353493,25.411908],[119.288204,25.410827],[119.26295,25.428124],[119.275269,25.476758],[119.256175,25.488643],[119.219834,25.468654],[119.232153,25.442176],[119.191501,25.424341],[119.151465,25.426503],[119.14469,25.388121],[119.218603,25.368115],[119.240776,25.316733],[119.247552,25.333502],[119.299291,25.328634],[119.333167,25.287516],[119.380595,25.250173],[119.331935,25.230685],[119.294979,25.237182],[119.314689,25.190076],[119.26911,25.159746],[119.131755,25.223106],[119.108349,25.193867],[119.137299,25.15487],[119.165632,25.145661],[119.146538,25.056782],[119.119436,25.012861],[119.107118,25.075214],[119.134219,25.106107],[119.075705,25.099604],[119.06585,25.102855],[119.028893,25.139702],[119.074473,25.211195],[119.055379,25.219316],[118.990089,25.20199],[118.975307,25.237723],[118.996864,25.266411],[118.91556,25.256668],[118.919256,25.248008],[118.900162,25.242595],[118.985162,25.168954],[118.951901,25.15162],[118.974691,25.115319],[118.892155,25.092558],[118.945126,25.028588],[118.974691,25.024792],[119.016575,25.058409],[119.004872,24.970009]]],[[[118.412338,24.514538],[118.451758,24.506915],[118.477012,24.437738],[118.457918,24.412128],[118.405563,24.427931],[118.353208,24.415398],[118.329802,24.382152],[118.282375,24.413218],[118.31194,24.424661],[118.298389,24.477506],[118.318715,24.486765],[118.374766,24.458986],[118.412338,24.514538]]],[[[119.471138,25.197116],[119.444036,25.20199],[119.44342,25.238806],[119.473601,25.259916],[119.501319,25.21715],[119.540739,25.20199],[119.566608,25.210112],[119.549362,25.161912],[119.52534,25.157579],[119.507478,25.183036],[119.471138,25.197116]]],[[[118.204151,24.504737],[118.19368,24.463344],[118.143173,24.420847],[118.084042,24.435559],[118.068644,24.463344],[118.093281,24.540672],[118.14502,24.560814],[118.191832,24.536861],[118.204151,24.504737]]]]}},{"type":"Feature","properties":{"adcode":360000,"name":"江西省","center":[115.892151,28.676493],"centroid":[115.732975,27.636112],"childrenNum":11,"level":"province","parent":{"adcode":100000},"subFeatureIndex":13,"acroutes":[100000]},"geometry":{"type":"MultiPolygon","coordinates":[[[[118.193064,29.395472],[118.178281,29.297921],[118.138861,29.283828],[118.077883,29.290614],[118.073571,29.216993],[118.042159,29.210202],[118.027992,29.167882],[118.045238,29.149068],[118.037847,29.102017],[118.097593,28.998952],[118.227556,28.942406],[118.195527,28.904167],[118.270056,28.918836],[118.300237,28.826075],[118.364295,28.813491],[118.403099,28.702791],[118.428352,28.681267],[118.414802,28.497344],[118.474548,28.478934],[118.456686,28.424738],[118.432048,28.402104],[118.455454,28.384204],[118.480091,28.327325],[118.314404,28.221913],[118.339041,28.193962],[118.375382,28.186577],[118.361215,28.155978],[118.356288,28.091586],[118.153644,28.062016],[118.096977,27.970615],[117.999043,27.991227],[117.856145,27.94577],[117.78716,27.896063],[117.788392,27.855858],[117.740348,27.800286],[117.609769,27.863265],[117.556182,27.966387],[117.52169,27.982243],[117.341836,27.855858],[117.334444,27.8876],[117.280242,27.871201],[117.296256,27.764282],[117.245133,27.71926],[117.205097,27.714492],[117.204481,27.683759],[117.174916,27.677399],[117.114554,27.692238],[117.094228,27.627569],[117.065279,27.665739],[117.040641,27.669979],[117.003685,27.625449],[117.024627,27.592569],[117.01662,27.563393],[117.054808,27.5427],[117.076982,27.566046],[117.103467,27.533149],[117.110242,27.458828],[117.133032,27.42218],[117.107163,27.393491],[117.104699,27.330773],[117.171836,27.29036],[117.149662,27.241419],[117.044953,27.146667],[117.05296,27.100327],[116.967344,27.061962],[116.936547,27.019319],[116.679085,26.978259],[116.548506,26.84004],[116.543578,26.803723],[116.557745,26.773806],[116.515245,26.720898],[116.520172,26.684543],[116.566368,26.650315],[116.553433,26.575942],[116.539267,26.559349],[116.638433,26.477418],[116.608252,26.429732],[116.601476,26.372911],[116.553433,26.365404],[116.553433,26.400253],[116.519557,26.410437],[116.412999,26.297822],[116.392057,26.171133],[116.435789,26.159854],[116.476441,26.172745],[116.489375,26.113649],[116.384666,26.030864],[116.360028,25.991601],[116.369883,25.963088],[116.132131,25.860273],[116.131515,25.824185],[116.18079,25.778926],[116.129667,25.758985],[116.106877,25.701299],[116.067457,25.703995],[116.068689,25.646282],[116.041588,25.62416],[116.063145,25.56317],[116.005247,25.490264],[116.008327,25.319437],[115.987385,25.290221],[115.949813,25.292386],[115.930719,25.236099],[115.855574,25.20957],[115.880212,25.092016],[115.908545,25.084428],[115.928255,25.050276],[115.873436,25.019911],[115.925175,24.960786],[115.870356,24.959701],[115.907313,24.879917],[115.861733,24.863629],[115.863581,24.891318],[115.824161,24.909232],[115.756408,24.749004],[115.769342,24.708236],[115.801371,24.705517],[115.780429,24.663103],[115.843871,24.562446],[115.68927,24.545027],[115.671408,24.604895],[115.605503,24.62557],[115.569778,24.622306],[115.555611,24.683768],[115.412714,24.79302],[115.372678,24.774546],[115.358511,24.735416],[115.306772,24.758787],[115.269816,24.749548],[115.104744,24.667997],[115.083802,24.699537],[115.057317,24.703343],[115.024672,24.669085],[114.909491,24.661471],[114.893477,24.582584],[114.868839,24.562446],[114.846665,24.602719],[114.729637,24.608704],[114.73826,24.565168],[114.704999,24.525973],[114.664963,24.583673],[114.627391,24.576598],[114.589819,24.537406],[114.534384,24.559181],[114.429058,24.48622],[114.403189,24.497657],[114.391486,24.563535],[114.363769,24.582584],[114.300943,24.578775],[114.289856,24.619042],[114.258443,24.641346],[114.19069,24.656576],[114.169132,24.689749],[114.27261,24.700624],[114.281849,24.724001],[114.336052,24.749004],[114.342211,24.807145],[114.378551,24.861457],[114.403189,24.877746],[114.395798,24.951019],[114.506051,24.999844],[114.532536,25.022623],[114.561485,25.077382],[114.604601,25.083886],[114.640326,25.074129],[114.664963,25.10123],[114.735796,25.121822],[114.73518,25.155954],[114.685905,25.173287],[114.743188,25.274528],[114.714238,25.315651],[114.63663,25.324306],[114.599674,25.385959],[114.541159,25.416773],[114.477718,25.37136],[114.438914,25.376226],[114.43029,25.343779],[114.382863,25.317274],[114.31511,25.33837],[114.2954,25.299961],[114.260291,25.291845],[114.204857,25.29942],[114.190074,25.316733],[114.039785,25.250714],[114.017611,25.273987],[114.029314,25.328093],[114.050256,25.36433],[113.983118,25.415152],[114.003444,25.442716],[113.94493,25.441635],[113.983118,25.599336],[113.957249,25.611749],[113.913517,25.701299],[114.028082,25.893119],[114.028082,25.98138],[114.008372,26.015806],[114.044096,26.076564],[114.087828,26.06635],[114.237501,26.152333],[114.216559,26.203355],[114.181451,26.214631],[113.962792,26.150722],[113.949242,26.192616],[114.029314,26.266163],[114.030546,26.376664],[114.062575,26.406149],[114.085364,26.406149],[114.090292,26.455988],[114.110002,26.482775],[114.07243,26.480096],[114.10877,26.56952],[114.019459,26.587182],[113.996669,26.615543],[113.912901,26.613938],[113.860546,26.664221],[113.853771,26.769532],[113.835909,26.806394],[113.927068,26.948922],[113.824206,27.036378],[113.803264,27.099261],[113.771851,27.096598],[113.872865,27.289828],[113.872865,27.384988],[113.72812,27.350442],[113.699786,27.331836],[113.657902,27.347253],[113.616635,27.345658],[113.605548,27.38924],[113.632033,27.40518],[113.59754,27.428554],[113.591381,27.467855],[113.627105,27.49971],[113.583374,27.524657],[113.579062,27.545354],[113.608627,27.585143],[113.607395,27.625449],[113.763228,27.799228],[113.756453,27.860091],[113.72812,27.874904],[113.752141,27.93361],[113.864242,28.004966],[113.914133,27.991227],[113.970184,28.041418],[114.025618,28.031382],[114.047176,28.057263],[114.025002,28.080499],[113.992357,28.161255],[114.107538,28.182885],[114.109386,28.205038],[114.143879,28.246694],[114.2529,28.319423],[114.252284,28.395787],[114.214712,28.403157],[114.172212,28.432632],[114.217175,28.466308],[114.218407,28.48472],[114.08598,28.558337],[114.132176,28.607211],[114.153734,28.829221],[114.124784,28.843376],[114.076741,28.834464],[114.056415,28.872204],[114.060111,28.902596],[114.028082,28.891069],[114.005292,28.917788],[114.008988,28.955498],[113.973879,28.937692],[113.952321,29.092604],[114.063191,29.204978],[114.169748,29.216993],[114.252284,29.23475],[114.259059,29.343839],[114.307102,29.365225],[114.341595,29.327665],[114.519602,29.325578],[114.67297,29.395993],[114.740724,29.386607],[114.759818,29.363139],[114.895325,29.397557],[114.931049,29.422581],[114.947063,29.465317],[114.935977,29.486678],[114.90518,29.473132],[114.918114,29.454374],[114.888549,29.436134],[114.860216,29.476258],[114.900868,29.505951],[114.940288,29.493971],[114.966773,29.522096],[114.947679,29.542924],[115.00065,29.572076],[115.033295,29.546568],[115.087498,29.560104],[115.086266,29.525741],[115.154019,29.510117],[115.157099,29.584568],[115.120142,29.597578],[115.143548,29.645961],[115.117679,29.655843],[115.113367,29.684963],[115.176809,29.654803],[115.250722,29.660003],[115.28583,29.618391],[115.470612,29.739539],[115.479235,29.811224],[115.51188,29.840299],[115.611662,29.841337],[115.667712,29.850161],[115.909777,29.723949],[115.965827,29.724469],[116.172783,29.828358],[116.280572,29.788893],[116.342782,29.835626],[116.467818,29.896347],[116.525716,29.897385],[116.552201,29.909836],[116.585462,30.045657],[116.620571,30.073109],[116.666766,30.076734],[116.830606,30.004723],[116.83307,29.95755],[116.868794,29.980361],[116.900207,29.949253],[116.882961,29.893753],[116.653831,29.694841],[116.680317,29.681323],[116.651983,29.637118],[116.716657,29.590813],[116.721585,29.564789],[116.760389,29.599139],[116.780715,29.569994],[116.849084,29.57624],[116.996294,29.683403],[117.041873,29.680803],[117.112706,29.711995],[117.108395,29.75201],[117.136728,29.775388],[117.123177,29.798761],[117.073286,29.831992],[117.127489,29.86158],[117.129952,29.89946],[117.171836,29.920729],[117.2168,29.926953],[117.246365,29.915023],[117.261763,29.880781],[117.25314,29.834588],[117.29256,29.822647],[117.338756,29.848085],[117.359082,29.812782],[117.382487,29.840818],[117.415132,29.85068],[117.453936,29.688082],[117.490277,29.660003],[117.530313,29.654282],[117.523538,29.630356],[117.543248,29.588731],[117.608537,29.591333],[117.647957,29.614749],[117.729877,29.550213],[117.795167,29.570515],[117.872775,29.54761],[117.933753,29.549172],[118.00397,29.578322],[118.143788,29.489803],[118.127774,29.47209],[118.136397,29.418932],[118.193064,29.395472]]]]}},{"type":"Feature","properties":{"adcode":370000,"name":"山东省","center":[117.000923,36.675807],"centroid":[118.187759,36.376092],"childrenNum":16,"level":"province","parent":{"adcode":100000},"subFeatureIndex":14,"acroutes":[100000]},"geometry":{"type":"MultiPolygon","coordinates":[[[[116.374195,34.640011],[116.334159,34.620806],[116.32492,34.601104],[116.286116,34.608986],[116.247927,34.551829],[115.991081,34.615389],[115.984305,34.589281],[115.838328,34.5676],[115.827241,34.558236],[115.787821,34.580905],[115.697278,34.594207],[115.685575,34.556265],[115.622749,34.574499],[115.553148,34.568586],[115.515575,34.582383],[115.461373,34.637057],[115.42688,34.805285],[115.317243,34.859321],[115.256265,34.845079],[115.239019,34.87798],[115.251953,34.906451],[115.205142,34.914303],[115.219309,34.96042],[115.157099,34.957968],[115.12815,35.00455],[114.923658,34.968757],[114.880542,35.00357],[114.824492,35.012393],[114.852209,35.041797],[114.818948,35.051596],[114.835578,35.076578],[114.883006,35.098615],[114.841738,35.15099],[114.861448,35.182301],[114.932281,35.198441],[114.929201,35.244886],[114.957534,35.261014],[115.04315,35.376744],[115.073947,35.374304],[115.091809,35.416259],[115.237171,35.423087],[115.307388,35.480126],[115.356047,35.490359],[115.34496,35.55368],[115.383148,35.568772],[115.48601,35.710306],[115.693582,35.754028],[115.696046,35.788989],[115.73485,35.833154],[115.859886,35.857894],[115.911624,35.960171],[115.984921,35.974218],[116.048979,35.970343],[116.063145,36.028927],[116.099486,36.112129],[116.057602,36.104877],[115.989849,36.045381],[115.699125,35.966468],[115.648618,35.922863],[115.495249,35.896203],[115.363438,35.779765],[115.335105,35.796756],[115.362822,35.971796],[115.447822,36.01247],[115.449054,36.047317],[115.484163,36.125666],[115.462605,36.276339],[115.417025,36.292742],[115.423185,36.32216],[115.366518,36.30914],[115.368982,36.342409],[115.340033,36.398307],[115.297533,36.413239],[115.317243,36.454166],[115.291374,36.460423],[115.272895,36.497476],[115.33141,36.550378],[115.355431,36.627262],[115.479851,36.760187],[115.524815,36.763543],[115.683727,36.808117],[115.71206,36.883308],[115.75764,36.902453],[115.79706,36.968945],[115.776734,36.992848],[115.85619,37.060694],[115.888219,37.112254],[115.909777,37.20669],[115.969523,37.239572],[115.975682,37.337179],[116.169087,37.384271],[116.193109,37.365723],[116.236224,37.361442],[116.2855,37.404241],[116.226369,37.428007],[116.243,37.447965],[116.224522,37.479791],[116.27626,37.466967],[116.290427,37.484065],[116.278724,37.524895],[116.295355,37.554316],[116.336007,37.581355],[116.433941,37.473142],[116.804736,37.848837],[117.438538,37.854035],[117.557414,38.046105],[117.586979,38.071551],[117.704624,38.076262],[117.895565,38.301572],[117.896797,38.279495],[118.018753,38.202409],[118.045238,38.214165],[118.112376,38.210403],[118.177665,38.186417],[118.217085,38.146893],[118.504729,38.11394],[118.552156,38.05553],[118.626069,38.138421],[118.908169,38.139362],[118.974075,38.094162],[119.001792,37.99613],[119.110813,37.921577],[119.12806,37.847892],[119.16132,37.81906],[119.212443,37.838913],[119.24016,37.878131],[119.291899,37.869627],[119.309146,37.805349],[119.280197,37.692726],[119.262334,37.660517],[119.023966,37.642037],[118.988857,37.620709],[118.939582,37.527268],[118.942662,37.497361],[119.001176,37.31862],[119.03998,37.30434],[119.054147,37.254816],[119.12806,37.254816],[119.136683,37.230995],[119.204436,37.280058],[119.190885,37.25958],[119.2069,37.223371],[119.298675,37.197156],[119.301138,37.139452],[119.327624,37.115595],[119.678709,37.158056],[119.687332,37.143746],[119.740303,37.133727],[119.89244,37.263866],[119.843781,37.376662],[120.144359,37.481691],[120.222584,37.532963],[120.246605,37.556689],[120.208417,37.588469],[120.215192,37.621183],[120.272475,37.636824],[120.227511,37.693673],[120.367945,37.697935],[120.454793,37.757576],[120.517619,37.750005],[120.590915,37.7642],[120.733197,37.833714],[120.940769,37.819533],[120.943233,37.785486],[120.994356,37.759468],[121.037471,37.718767],[121.136022,37.723501],[121.160043,37.698882],[121.148956,37.626397],[121.17421,37.597479],[121.217326,37.582778],[121.304789,37.582778],[121.358376,37.597479],[121.349137,37.635403],[121.391021,37.625449],[121.435368,37.592737],[121.395948,37.589891],[121.400876,37.557638],[121.460006,37.522522],[121.477252,37.475992],[121.571491,37.441313],[121.575802,37.460317],[121.635548,37.494037],[121.923808,37.473142],[121.997721,37.494512],[122.017431,37.531065],[122.150474,37.557163],[122.163408,37.519199],[122.131996,37.49926],[122.166488,37.438937],[122.194205,37.456041],[122.25272,37.467917],[122.337103,37.414223],[122.641377,37.428482],[122.714058,37.392355],[122.607501,37.364296],[122.611196,37.339558],[122.573624,37.296247],[122.567465,37.25958],[122.592718,37.261485],[122.624131,37.190959],[122.573624,37.176178],[122.581015,37.147562],[122.533588,37.153286],[122.484313,37.128956],[122.478769,37.058784],[122.467067,37.037289],[122.583479,37.037289],[122.544675,37.004797],[122.55761,36.968467],[122.532356,36.901496],[122.48924,36.886659],[122.483081,36.913938],[122.434422,36.914416],[122.452284,36.88618],[122.454748,36.879],[122.344495,36.828239],[122.174495,36.842609],[122.188662,36.866073],[122.175727,36.894317],[122.119677,36.891924],[122.141235,36.938337],[122.051923,36.904846],[122.042684,36.871819],[122.008808,36.96225],[121.631853,36.80093],[121.651563,36.723739],[121.556092,36.764502],[121.575186,36.740047],[121.532071,36.73621],[121.485259,36.786073],[121.548701,36.807638],[121.565331,36.830635],[121.3941,36.738129],[121.400876,36.701191],[121.29863,36.702151],[121.028848,36.572971],[120.847146,36.618617],[120.983269,36.546051],[120.95432,36.507578],[120.965407,36.466199],[120.938305,36.447908],[120.90874,36.450315],[120.917979,36.417573],[120.911204,36.412276],[120.871784,36.36699],[120.828668,36.46668],[120.759683,36.46283],[120.694393,36.390118],[120.744284,36.327946],[120.66298,36.331803],[120.712255,36.126632],[120.286025,36.047317],[120.35809,36.174956],[120.362402,36.196209],[120.319902,36.232423],[120.297112,36.225664],[120.310047,36.185101],[120.181316,36.203936],[120.108635,36.127599],[120.116642,36.102943],[120.239214,36.062316],[120.234902,36.030863],[120.198562,35.995525],[120.257076,36.025055],[120.249069,35.992136],[120.316206,36.002304],[120.30512,35.971796],[120.202258,35.89184],[120.169613,35.888446],[120.207801,35.947575],[120.064287,35.873414],[120.01378,35.714193],[119.958346,35.760342],[119.926317,35.759856],[119.920157,35.739943],[119.950339,35.729741],[119.91215,35.660725],[119.925085,35.637382],[119.868419,35.60868],[119.83023,35.620357],[119.824071,35.646136],[119.772332,35.578995],[119.75139,35.617924],[119.718129,35.615492],[119.662079,35.589215],[119.579543,35.406504],[119.590014,35.37284],[119.543819,35.347949],[119.538275,35.296678],[119.493312,35.318655],[119.450812,35.285443],[119.411392,35.231689],[119.397841,35.137777],[119.428022,35.121136],[119.373819,35.078538],[119.354109,35.080007],[119.306066,35.076578],[119.286972,35.115261],[119.250016,35.124562],[119.217371,35.106939],[119.137915,35.096167],[119.114509,35.055026],[118.86259,35.025626],[118.860742,34.944233],[118.719076,34.745313],[118.764039,34.740396],[118.783749,34.723181],[118.739402,34.693663],[118.690127,34.678408],[118.545997,34.705964],[118.460997,34.656258],[118.473932,34.623269],[118.439439,34.626223],[118.424657,34.595193],[118.439439,34.507949],[118.379693,34.415183],[118.290382,34.424563],[118.179513,34.379628],[118.177665,34.45319],[118.132702,34.483287],[118.16473,34.50499],[118.185056,34.543942],[118.079115,34.569571],[118.114839,34.614404],[118.084042,34.655766],[118.053861,34.650843],[117.951615,34.678408],[117.909732,34.670533],[117.902956,34.644443],[117.793935,34.651827],[117.791471,34.583368],[117.801942,34.518798],[117.684298,34.547392],[117.592523,34.462566],[117.53832,34.467006],[117.465023,34.484767],[117.370785,34.584846],[117.27285,34.556757],[117.303647,34.542463],[117.267923,34.532603],[117.248213,34.451216],[117.166293,34.434435],[117.139191,34.526687],[117.15151,34.559222],[117.104083,34.648874],[117.073286,34.639026],[117.061583,34.675947],[117.070206,34.713835],[117.022163,34.759081],[116.969192,34.771864],[116.95133,34.81069],[116.979047,34.815113],[116.966113,34.844588],[116.929156,34.843114],[116.922381,34.894671],[116.858323,34.928533],[116.821983,34.929515],[116.815823,34.965324],[116.789338,34.975133],[116.781331,34.916757],[116.677853,34.939327],[116.622418,34.939818],[116.445028,34.895652],[116.408071,34.850972],[116.403144,34.756131],[116.369267,34.749247],[116.363724,34.715311],[116.392057,34.710391],[116.374195,34.640011]]]]}},{"type":"Feature","properties":{"adcode":410000,"name":"河南省","center":[113.665412,34.757975],"centroid":[113.619717,33.902648],"childrenNum":18,"level":"province","parent":{"adcode":100000},"subFeatureIndex":15,"acroutes":[100000]},"geometry":{"type":"MultiPolygon","coordinates":[[[[112.716747,32.357612],[112.545516,32.404109],[112.448814,32.34295],[112.390915,32.37126],[112.360118,32.3657],[112.328089,32.321712],[112.150083,32.411688],[112.155626,32.377326],[112.081098,32.425833],[112.063851,32.474315],[112.014576,32.450077],[111.975772,32.471791],[111.948671,32.51722],[111.890157,32.503089],[111.713382,32.606497],[111.646245,32.605993],[111.640701,32.634724],[111.577875,32.593388],[111.458383,32.726402],[111.475629,32.760127],[111.41342,32.757108],[111.380159,32.829049],[111.293311,32.859217],[111.276065,32.903445],[111.255123,32.883846],[111.258819,33.006389],[111.221862,33.042517],[111.152877,33.039507],[111.192913,33.071609],[111.179363,33.115229],[111.08882,33.181871],[111.045704,33.169849],[111.046936,33.202905],[110.984726,33.255469],[111.025994,33.330504],[111.025994,33.375495],[110.996429,33.435946],[111.02661,33.467903],[111.00382,33.578662],[110.823966,33.685793],[110.782082,33.796272],[110.612083,33.852453],[110.587445,33.887733],[110.665669,33.937895],[110.671213,33.966192],[110.620706,34.035652],[110.587445,34.023252],[110.591757,34.101586],[110.61393,34.113478],[110.642264,34.161032],[110.43962,34.243196],[110.428533,34.288203],[110.451938,34.292653],[110.503677,34.33714],[110.360779,34.516825],[110.372482,34.544435],[110.404511,34.557743],[110.366939,34.566614],[110.379257,34.600612],[110.710017,34.605045],[110.749437,34.65232],[110.791937,34.649858],[110.824582,34.615881],[110.883712,34.64395],[110.903422,34.669056],[110.920052,34.730068],[110.976103,34.706456],[111.035233,34.740887],[111.118385,34.756623],[111.148566,34.807742],[111.232949,34.789559],[111.255123,34.819535],[111.570484,34.843114],[111.681969,34.9511],[111.664107,34.984449],[111.740483,35.00455],[111.807005,35.032977],[111.810084,35.062374],[111.933272,35.083435],[112.062004,35.056005],[112.03983,35.194039],[112.078634,35.219467],[112.058924,35.280069],[112.242474,35.234622],[112.304684,35.251728],[112.288053,35.219956],[112.637291,35.225822],[112.628052,35.263457],[112.720443,35.206265],[112.772798,35.207732],[112.822073,35.258082],[112.884283,35.243909],[112.992072,35.29619],[112.985913,35.33965],[112.996384,35.362104],[113.067217,35.353806],[113.126347,35.332327],[113.189789,35.44893],[113.243375,35.449418],[113.304353,35.426989],[113.31236,35.481101],[113.348085,35.468429],[113.49899,35.532254],[113.513773,35.57364],[113.55812,35.621816],[113.547649,35.656835],[113.578446,35.633491],[113.625258,35.632518],[113.582758,35.818111],[113.660982,35.837035],[113.637576,35.870019],[113.654207,35.931586],[113.648663,35.994073],[113.678844,35.985841],[113.694859,36.026991],[113.660366,36.034735],[113.68562,36.056026],[113.671453,36.115514],[113.655439,36.125182],[113.712721,36.129533],[113.705946,36.148865],[113.651127,36.174473],[113.697939,36.181719],[113.681924,36.216491],[113.731199,36.363135],[113.856851,36.329392],[113.84946,36.347711],[113.882104,36.353977],[113.911054,36.314927],[113.962792,36.353977],[113.981887,36.31782],[114.002828,36.334214],[114.056415,36.329392],[114.04348,36.303353],[114.080437,36.269585],[114.129096,36.280199],[114.170364,36.245938],[114.203009,36.245456],[114.2104,36.272962],[114.345291,36.255591],[114.588587,36.118414],[114.734564,36.15563],[114.771521,36.124699],[114.912571,36.140649],[114.926737,36.089403],[114.914419,36.052155],[114.998186,36.069572],[115.06286,36.178338],[115.104744,36.172058],[115.12507,36.209731],[115.242098,36.19138],[115.312931,36.088436],[115.465068,36.170125],[115.483547,36.148865],[115.484163,36.125666],[115.449054,36.047317],[115.447822,36.01247],[115.362822,35.971796],[115.353583,35.938854],[115.364054,35.894264],[115.335105,35.796756],[115.363438,35.779765],[115.487858,35.880688],[115.648618,35.922863],[115.817386,36.012954],[115.989849,36.045381],[116.057602,36.104877],[116.099486,36.112129],[116.063145,36.028927],[116.048979,35.970343],[115.984921,35.974218],[115.911624,35.960171],[115.859886,35.857894],[115.73485,35.833154],[115.696046,35.788989],[115.693582,35.754028],[115.48601,35.710306],[115.383148,35.568772],[115.34496,35.55368],[115.356047,35.490359],[115.307388,35.480126],[115.237171,35.423087],[115.091809,35.416259],[115.073947,35.374304],[115.04315,35.376744],[114.957534,35.261014],[114.929201,35.244886],[114.932281,35.198441],[114.861448,35.182301],[114.841738,35.15099],[114.883006,35.098615],[114.835578,35.076578],[114.818948,35.051596],[114.852209,35.041797],[114.824492,35.012393],[114.880542,35.00357],[114.923658,34.968757],[115.12815,35.00455],[115.157099,34.957968],[115.219309,34.96042],[115.205142,34.914303],[115.251953,34.906451],[115.239019,34.87798],[115.256265,34.845079],[115.317243,34.859321],[115.42688,34.805285],[115.461373,34.637057],[115.515575,34.582383],[115.685575,34.556265],[115.697278,34.594207],[115.787821,34.580905],[115.827241,34.558236],[115.838328,34.5676],[115.984305,34.589281],[115.991081,34.615389],[116.037276,34.593222],[116.101334,34.60603],[116.134594,34.559715],[116.156768,34.5538],[116.196804,34.575977],[116.191261,34.535561],[116.204196,34.508442],[116.178326,34.496112],[116.162312,34.459605],[116.213435,34.382098],[116.357564,34.319843],[116.372347,34.26595],[116.516477,34.296114],[116.562056,34.285731],[116.582382,34.266444],[116.545426,34.241711],[116.542962,34.203608],[116.565752,34.16945],[116.536187,34.151127],[116.52818,34.122892],[116.641512,33.978103],[116.64336,33.896675],[116.631042,33.887733],[116.566984,33.9081],[116.558361,33.881274],[116.486296,33.869846],[116.437637,33.846489],[116.437021,33.801246],[116.263326,33.730101],[116.230065,33.735078],[116.155536,33.709693],[116.074232,33.781351],[116.055754,33.804727],[116.05945,33.860902],[115.982457,33.917039],[116.00032,33.965199],[115.95782,34.007875],[115.904233,34.009859],[115.876516,34.028708],[115.877132,34.002913],[115.85003,34.004898],[115.846335,34.028708],[115.809378,34.062428],[115.768726,34.061932],[115.736082,34.076805],[115.60735,34.030196],[115.547604,33.874815],[115.631988,33.869846],[115.614126,33.775879],[115.576553,33.787817],[115.563003,33.772895],[115.639995,33.585143],[115.422569,33.557219],[115.394851,33.506335],[115.366518,33.5233],[115.345576,33.502842],[115.313547,33.376994],[115.341881,33.370997],[115.365286,33.336005],[115.361591,33.298497],[115.335105,33.297997],[115.303692,33.149809],[115.168186,33.088658],[115.041302,33.086653],[114.932897,33.153817],[114.902716,33.129764],[114.925506,33.016928],[114.891629,33.020441],[114.883006,32.990328],[114.916266,32.971251],[114.943368,32.935094],[115.009273,32.940117],[115.035143,32.932582],[115.029599,32.906962],[115.139237,32.897917],[115.155867,32.864747],[115.197135,32.856201],[115.20083,32.591876],[115.30554,32.583303],[115.304924,32.553042],[115.411482,32.575235],[115.522967,32.441997],[115.626445,32.40512],[115.657857,32.428864],[115.667712,32.409667],[115.704669,32.495013],[115.742241,32.476335],[115.771806,32.505108],[115.789052,32.468761],[115.910393,32.567165],[115.8759,32.542448],[115.845719,32.501575],[115.883291,32.487946],[115.865429,32.458662],[115.941805,32.166318],[115.894994,31.8649],[115.893762,31.832365],[115.914704,31.814567],[115.886371,31.776418],[115.676336,31.778453],[115.495249,31.673083],[115.476771,31.643028],[115.485394,31.608885],[115.371446,31.495668],[115.389924,31.450241],[115.373909,31.405813],[115.338801,31.40428],[115.301229,31.383846],[115.250722,31.392021],[115.252569,31.421646],[115.211301,31.442072],[115.218077,31.515057],[115.235939,31.555354],[115.212533,31.555354],[115.16449,31.604808],[115.12507,31.599201],[115.096121,31.508425],[115.022824,31.527811],[114.995107,31.471171],[114.962462,31.494648],[114.830035,31.45892],[114.789383,31.480358],[114.778912,31.520669],[114.696376,31.525771],[114.641558,31.582378],[114.560869,31.560963],[114.547935,31.623665],[114.57134,31.660858],[114.586123,31.762172],[114.443841,31.728074],[114.292936,31.752503],[114.235654,31.833382],[114.191922,31.852192],[113.988662,31.749959],[113.952321,31.793714],[113.957865,31.852701],[113.914749,31.877098],[113.893807,31.847109],[113.854387,31.843042],[113.805728,31.929428],[113.817431,31.964467],[113.757685,31.98985],[113.791561,32.036028],[113.728735,32.083197],[113.722576,32.12426],[113.750293,32.11615],[113.782322,32.184553],[113.752757,32.215951],[113.73859,32.255942],[113.768156,32.284279],[113.76754,32.370249],[113.735511,32.410677],[113.700402,32.420782],[113.650511,32.412698],[113.624642,32.36115],[113.511925,32.316654],[113.428773,32.270618],[113.376418,32.298445],[113.353628,32.294904],[113.211962,32.431895],[113.158992,32.410677],[113.155912,32.380863],[113.025949,32.425328],[113.000695,32.41674],[112.992072,32.378336],[112.860877,32.396024],[112.716747,32.357612]]]]}},{"type":"Feature","properties":{"adcode":420000,"name":"湖北省","center":[114.298572,30.584355],"centroid":[112.271301,30.987527],"childrenNum":17,"level":"province","parent":{"adcode":100000},"subFeatureIndex":16,"acroutes":[100000]},"geometry":{"type":"MultiPolygon","coordinates":[[[[111.045704,33.169849],[111.08882,33.181871],[111.179363,33.115229],[111.192913,33.071609],[111.152877,33.039507],[111.221862,33.042517],[111.258819,33.006389],[111.255123,32.883846],[111.276065,32.903445],[111.293311,32.859217],[111.380159,32.829049],[111.41342,32.757108],[111.475629,32.760127],[111.458383,32.726402],[111.577875,32.593388],[111.640701,32.634724],[111.646245,32.605993],[111.713382,32.606497],[111.890157,32.503089],[111.948671,32.51722],[111.975772,32.471791],[112.014576,32.450077],[112.063851,32.474315],[112.081098,32.425833],[112.155626,32.377326],[112.150083,32.411688],[112.328089,32.321712],[112.360118,32.3657],[112.390915,32.37126],[112.448814,32.34295],[112.545516,32.404109],[112.735841,32.356095],[112.776493,32.358623],[112.860877,32.396024],[112.992072,32.378336],[113.000695,32.41674],[113.025949,32.425328],[113.155912,32.380863],[113.158992,32.410677],[113.211962,32.431895],[113.353628,32.294904],[113.376418,32.298445],[113.428773,32.270618],[113.511925,32.316654],[113.624642,32.36115],[113.650511,32.412698],[113.700402,32.420782],[113.735511,32.410677],[113.76754,32.370249],[113.73859,32.255942],[113.752757,32.215951],[113.782322,32.184553],[113.750293,32.11615],[113.722576,32.12426],[113.728735,32.083197],[113.791561,32.036028],[113.757685,31.98985],[113.817431,31.964467],[113.805728,31.929428],[113.854387,31.843042],[113.893807,31.847109],[113.914749,31.877098],[113.957865,31.852701],[113.952321,31.793714],[113.988662,31.749959],[114.191922,31.852192],[114.235654,31.833382],[114.292936,31.752503],[114.443841,31.728074],[114.586123,31.762172],[114.57134,31.660858],[114.547935,31.623665],[114.560869,31.560963],[114.641558,31.582378],[114.696376,31.525771],[114.778912,31.520669],[114.789383,31.480358],[114.830035,31.45892],[114.962462,31.494648],[114.995107,31.471171],[115.022824,31.527811],[115.096121,31.508425],[115.12507,31.599201],[115.16449,31.604808],[115.212533,31.555354],[115.235939,31.555354],[115.218077,31.515057],[115.211301,31.442072],[115.252569,31.421646],[115.250722,31.392021],[115.373909,31.405813],[115.393004,31.389977],[115.372062,31.349098],[115.40717,31.337854],[115.443511,31.344498],[115.473076,31.265242],[115.507568,31.267799],[115.585793,31.143926],[115.603655,31.17363],[115.655394,31.211002],[115.700973,31.201276],[115.778582,31.112164],[115.867277,31.147512],[115.938726,31.04707],[116.058834,31.012711],[116.071769,30.956787],[115.865429,30.864364],[115.851262,30.756938],[115.782893,30.751795],[115.762567,30.685426],[115.910393,30.519046],[115.894994,30.452517],[115.921479,30.416397],[115.885139,30.379747],[115.91532,30.337919],[115.903001,30.31364],[115.985537,30.290905],[115.997856,30.252657],[116.065609,30.204569],[116.091479,30.036331],[116.073616,29.969993],[116.128435,29.897904],[116.13521,29.819532],[115.965827,29.724469],[115.909777,29.723949],[115.667712,29.850161],[115.611662,29.841337],[115.51188,29.840299],[115.479235,29.811224],[115.470612,29.739539],[115.28583,29.618391],[115.250722,29.660003],[115.176809,29.654803],[115.113367,29.684963],[115.117679,29.655843],[115.143548,29.645961],[115.120142,29.597578],[115.157099,29.584568],[115.154019,29.510117],[115.086266,29.525741],[115.087498,29.560104],[115.033295,29.546568],[115.00065,29.572076],[114.947679,29.542924],[114.966773,29.522096],[114.940288,29.493971],[114.900868,29.505951],[114.860216,29.476258],[114.888549,29.436134],[114.918114,29.454374],[114.90518,29.473132],[114.935977,29.486678],[114.947063,29.465317],[114.931049,29.422581],[114.895325,29.397557],[114.759818,29.363139],[114.740724,29.386607],[114.67297,29.395993],[114.519602,29.325578],[114.341595,29.327665],[114.307102,29.365225],[114.259059,29.343839],[114.252284,29.23475],[114.169748,29.216993],[114.063191,29.204978],[113.898119,29.029307],[113.816199,29.105154],[113.775547,29.095219],[113.749677,29.060699],[113.722576,29.104631],[113.696091,29.077437],[113.690547,29.114566],[113.66283,29.16945],[113.691779,29.19662],[113.693011,29.226394],[113.651743,29.225872],[113.609859,29.25146],[113.674533,29.388172],[113.731199,29.393907],[113.755221,29.446557],[113.677613,29.513763],[113.630801,29.523137],[113.710257,29.555419],[113.73859,29.579363],[113.663446,29.684443],[113.606164,29.666764],[113.547033,29.675603],[113.571671,29.849123],[113.37765,29.703158],[113.145441,29.449163],[113.099861,29.459585],[113.078304,29.438218],[113.057362,29.522616],[113.034572,29.523658],[112.950188,29.473132],[112.912,29.606944],[112.915696,29.620992],[113.005007,29.693801],[113.025949,29.772791],[112.974826,29.732784],[112.944645,29.682883],[112.902145,29.79149],[112.79374,29.735902],[112.788812,29.681323],[112.733378,29.645441],[112.714283,29.648561],[112.693957,29.601741],[112.439574,29.633997],[112.424792,29.598619],[112.368741,29.541362],[112.333017,29.545007],[112.291133,29.517409],[112.281278,29.536676],[112.303452,29.585609],[112.233851,29.61631],[112.244322,29.659483],[112.202438,29.633997],[112.065699,29.681323],[112.07617,29.743696],[112.008417,29.778505],[111.95483,29.796683],[111.965917,29.832512],[111.8107,29.901017],[111.394325,29.912948],[111.382623,29.95029],[111.342587,29.944586],[111.242188,30.040476],[111.031537,30.048765],[110.929907,30.063268],[110.924364,30.111426],[110.851067,30.126439],[110.746973,30.112979],[110.756212,30.054463],[110.712481,30.033223],[110.650887,30.07777],[110.497518,30.055499],[110.491358,30.019751],[110.557264,29.988137],[110.517228,29.961179],[110.49875,29.91243],[110.642879,29.775907],[110.562807,29.712515],[110.507373,29.692241],[110.467337,29.713034],[110.447011,29.664684],[110.372482,29.633477],[110.113788,29.789932],[109.779333,29.757725],[109.755311,29.733304],[109.760238,29.689122],[109.714659,29.673524],[109.701108,29.636078],[109.717739,29.615269],[109.516326,29.626194],[109.458428,29.513242],[109.433791,29.530948],[109.418392,29.453332],[109.368501,29.413719],[109.391291,29.372005],[109.343863,29.369398],[109.352487,29.284872],[109.312451,29.25146],[109.257632,29.222738],[109.274262,29.121885],[109.139372,29.168927],[109.110422,29.21647],[109.141835,29.270256],[109.106727,29.288526],[109.11227,29.361053],[109.060531,29.403292],[109.034662,29.360531],[108.919481,29.3261],[108.934264,29.399643],[108.927488,29.435612],[108.884373,29.440824],[108.866511,29.470527],[108.901003,29.604863],[108.870206,29.596537],[108.888068,29.628795],[108.844337,29.658443],[108.781511,29.635558],[108.797525,29.660003],[108.786438,29.691721],[108.752562,29.649082],[108.690968,29.689642],[108.658939,29.854833],[108.601041,29.863656],[108.504338,29.707836],[108.460606,29.741098],[108.437201,29.741098],[108.424266,29.815897],[108.371295,29.841337],[108.516041,29.885451],[108.517889,29.9394],[108.536367,29.983472],[108.532055,30.051873],[108.513577,30.057571],[108.581947,30.255759],[108.402092,30.376649],[108.42673,30.492233],[108.472925,30.487076],[108.512961,30.501515],[108.556077,30.487592],[108.56778,30.468508],[108.6497,30.53915],[108.642925,30.578831],[108.688504,30.58759],[108.698975,30.54482],[108.743939,30.494812],[108.789518,30.513374],[108.808612,30.491202],[109.042669,30.655571],[109.071002,30.640125],[109.111654,30.646303],[109.106111,30.61077],[109.09256,30.578831],[109.103647,30.565949],[109.143683,30.521108],[109.299516,30.630341],[109.314298,30.599953],[109.36111,30.551004],[109.337088,30.521623],[109.35495,30.487076],[109.418392,30.559766],[109.435638,30.595832],[109.535421,30.664837],[109.543428,30.63961],[109.574225,30.646818],[109.656761,30.760538],[109.894513,30.899803],[109.943788,30.878746],[110.008462,30.883369],[110.019549,30.829425],[110.048498,30.800642],[110.082375,30.799614],[110.172918,30.978853],[110.140889,30.987062],[110.119947,31.088592],[110.200019,31.158779],[110.118715,31.409899],[110.054042,31.410921],[110.036795,31.436966],[109.98752,31.474744],[109.94502,31.47066],[109.969658,31.508935],[109.894513,31.519139],[109.837847,31.555354],[109.727594,31.548214],[109.745456,31.598182],[109.76455,31.602769],[109.737449,31.628761],[109.731289,31.700582],[109.585928,31.726546],[109.592087,31.789136],[109.633971,31.804396],[109.584696,31.900472],[109.62042,31.928412],[109.631507,31.962436],[109.590855,32.012688],[109.590855,32.047696],[109.621652,32.106519],[109.592703,32.219495],[109.550203,32.225065],[109.528645,32.270112],[109.495385,32.300468],[109.513247,32.342444],[109.502776,32.38895],[109.575457,32.506622],[109.637051,32.540935],[109.619804,32.56767],[109.631507,32.599943],[109.910528,32.592884],[109.97089,32.577756],[110.017701,32.546989],[110.084223,32.580782],[110.090382,32.617083],[110.124259,32.616579],[110.153824,32.593388],[110.206179,32.633212],[110.156903,32.683093],[110.159367,32.767173],[110.105164,32.832569],[110.051578,32.851676],[109.988752,32.886359],[109.856941,32.910479],[109.847702,32.893395],[109.789804,32.882339],[109.76455,32.909474],[109.785492,32.987316],[109.794731,33.067095],[109.704188,33.101694],[109.688174,33.116733],[109.576073,33.110216],[109.438718,33.152314],[109.498464,33.207412],[109.514479,33.237951],[109.60687,33.235949],[109.619804,33.275484],[109.732521,33.231443],[109.813209,33.236449],[109.852013,33.247961],[110.031252,33.191888],[110.164911,33.209415],[110.218497,33.163336],[110.471032,33.171352],[110.54125,33.255469],[110.57759,33.250464],[110.59422,33.168346],[110.623785,33.143796],[110.650887,33.157324],[110.702626,33.097182],[110.753133,33.15031],[110.824582,33.158327],[110.828893,33.201403],[110.865234,33.213921],[110.9219,33.203907],[110.960704,33.253967],[110.984726,33.255469],[111.046936,33.202905],[111.045704,33.169849]]]]}},{"type":"Feature","properties":{"adcode":430000,"name":"湖南省","center":[112.982279,28.19409],"centroid":[111.711649,27.629216],"childrenNum":14,"level":"province","parent":{"adcode":100000},"subFeatureIndex":17,"acroutes":[100000]},"geometry":{"type":"MultiPolygon","coordinates":[[[[112.024431,24.740308],[111.708455,24.788673],[111.666571,24.760961],[111.637621,24.715303],[111.641933,24.684856],[111.588962,24.690837],[111.570484,24.64461],[111.451608,24.665822],[111.431282,24.687574],[111.461463,24.728894],[111.479325,24.797366],[111.449144,24.857113],[111.447296,24.892947],[111.470086,24.92877],[111.434977,24.951562],[111.43313,24.979774],[111.460231,24.992793],[111.467622,25.02208],[111.416499,25.047566],[111.435593,25.093642],[111.375231,25.128324],[111.36784,25.108817],[111.321645,25.105023],[111.274833,25.151078],[111.221862,25.106649],[111.200921,25.074672],[111.139943,25.042144],[111.101754,25.035095],[111.100522,24.945593],[111.009363,24.921172],[110.968711,24.975434],[110.951465,25.04377],[110.98411,25.101772],[110.998892,25.161371],[111.112841,25.21715],[111.103602,25.285351],[111.279145,25.42326],[111.32842,25.521592],[111.324724,25.564249],[111.343202,25.602574],[111.309942,25.645203],[111.30871,25.720171],[111.399869,25.744431],[111.442369,25.77192],[111.43313,25.84627],[111.4861,25.859196],[111.376463,25.906039],[111.29208,25.854349],[111.251428,25.864581],[111.230486,25.916267],[111.189834,25.953402],[111.235413,26.048071],[111.267442,26.058824],[111.244652,26.078177],[111.293311,26.222148],[111.277913,26.272066],[111.228022,26.261333],[111.204616,26.276359],[111.208928,26.30426],[111.090667,26.308016],[111.008132,26.336982],[111.008747,26.35897],[110.974255,26.385778],[110.926212,26.320354],[110.939762,26.286554],[110.836284,26.255966],[110.759292,26.248451],[110.73527,26.270993],[110.742046,26.313917],[110.721104,26.294066],[110.612083,26.333764],[110.495054,26.166299],[110.477808,26.179727],[110.437772,26.153945],[110.373098,26.088927],[110.325671,25.975462],[110.257301,25.961473],[110.24991,26.010965],[110.181541,26.060437],[110.168606,26.028713],[110.100853,26.020108],[110.065128,26.050221],[110.100853,26.132455],[110.099005,26.168985],[110.03002,26.166299],[109.970274,26.195301],[109.904368,26.135679],[109.898825,26.095377],[109.864332,26.027637],[109.814441,26.041081],[109.782412,25.996981],[109.806434,25.973848],[109.826144,25.911422],[109.811361,25.877504],[109.685094,25.880197],[109.67955,25.921649],[109.693717,25.959321],[109.710963,25.954478],[109.730057,25.989988],[109.649369,26.016882],[109.635203,26.047533],[109.513247,25.998056],[109.48245,26.029788],[109.452885,26.055598],[109.449805,26.101826],[109.502776,26.096451],[109.513863,26.128157],[109.47629,26.148035],[109.439334,26.238789],[109.467051,26.313917],[109.351255,26.264016],[109.271183,26.327863],[109.29582,26.350389],[109.319842,26.418477],[109.38082,26.454381],[109.362342,26.472061],[109.407305,26.533116],[109.390675,26.598955],[109.35495,26.658873],[109.334008,26.646036],[109.306291,26.661012],[109.283501,26.698445],[109.35495,26.693098],[109.407305,26.719829],[109.447957,26.759913],[109.568065,26.726243],[109.597015,26.756173],[109.554515,26.73533],[109.528645,26.743881],[109.522486,26.749226],[109.497232,26.815474],[109.513247,26.84004],[109.509551,26.877947],[109.486761,26.895562],[109.452885,26.861932],[109.436254,26.892359],[109.555131,26.946788],[109.520022,27.058764],[109.454733,27.069423],[109.472595,27.134951],[109.239154,27.14933],[109.21698,27.114711],[109.165857,27.066758],[109.101183,27.06889],[109.128901,27.122701],[109.032814,27.104056],[109.007561,27.08008],[108.940423,27.044907],[108.942887,27.017186],[108.942887,27.017186],[108.877597,27.01612],[108.79075,27.084343],[108.878829,27.106187],[108.926873,27.160512],[108.907778,27.204699],[109.053756,27.293551],[109.044517,27.331304],[109.103647,27.336621],[109.142451,27.418461],[109.141835,27.448207],[109.167089,27.41793],[109.202197,27.450331],[109.245313,27.41793],[109.300132,27.423774],[109.303211,27.47582],[109.404841,27.55066],[109.461508,27.567637],[109.470747,27.680049],[109.414081,27.725087],[109.366653,27.721909],[109.30198,27.956343],[109.378972,28.034551],[109.335856,28.063073],[109.298284,28.036136],[109.388211,28.268307],[109.33524,28.293605],[109.317994,28.277795],[109.275494,28.313101],[109.268719,28.33786],[109.273646,28.53836],[109.319842,28.579886],[109.306907,28.62087],[109.201581,28.597753],[109.192958,28.636104],[109.271183,28.671816],[109.252704,28.691767],[109.294588,28.722211],[109.2989,28.7474],[109.241002,28.776779],[109.246545,28.80143],[109.235458,28.882161],[109.319842,29.042388],[109.312451,29.066453],[109.240386,29.086328],[109.232378,29.119271],[109.274262,29.121885],[109.257632,29.222738],[109.312451,29.25146],[109.352487,29.284872],[109.343863,29.369398],[109.391291,29.372005],[109.368501,29.413719],[109.418392,29.453332],[109.433791,29.530948],[109.458428,29.513242],[109.516326,29.626194],[109.717739,29.615269],[109.701108,29.636078],[109.714659,29.673524],[109.760238,29.689122],[109.755311,29.733304],[109.779333,29.757725],[109.869876,29.774869],[110.113788,29.789932],[110.372482,29.633477],[110.447011,29.664684],[110.467337,29.713034],[110.507373,29.692241],[110.562807,29.712515],[110.642879,29.775907],[110.49875,29.91243],[110.517228,29.961179],[110.557264,29.988137],[110.491358,30.019751],[110.497518,30.055499],[110.650887,30.07777],[110.712481,30.033223],[110.756212,30.054463],[110.746973,30.112979],[110.851067,30.126439],[110.924364,30.111426],[110.929907,30.063268],[111.031537,30.048765],[111.242188,30.040476],[111.342587,29.944586],[111.382623,29.95029],[111.394325,29.912948],[111.527368,29.925916],[111.553854,29.894272],[111.669034,29.888565],[111.669034,29.888565],[111.75773,29.92021],[111.965917,29.832512],[111.95483,29.796683],[112.008417,29.778505],[112.07617,29.743696],[112.065699,29.681323],[112.202438,29.633997],[112.244322,29.659483],[112.233851,29.61631],[112.303452,29.585609],[112.281278,29.536676],[112.291133,29.517409],[112.333017,29.545007],[112.368741,29.541362],[112.424792,29.598619],[112.439574,29.633997],[112.693957,29.601741],[112.861493,29.78318],[112.894138,29.783699],[112.923703,29.766557],[112.926782,29.692241],[112.944645,29.682883],[112.974826,29.732784],[113.025949,29.772791],[113.005007,29.693801],[112.915696,29.620992],[112.912,29.606944],[112.950188,29.473132],[113.034572,29.523658],[113.057362,29.522616],[113.078304,29.438218],[113.099861,29.459585],[113.145441,29.449163],[113.37765,29.703158],[113.571671,29.849123],[113.547033,29.675603],[113.606164,29.666764],[113.663446,29.684443],[113.73859,29.579363],[113.710257,29.555419],[113.630801,29.523137],[113.677613,29.513763],[113.755221,29.446557],[113.731199,29.393907],[113.674533,29.388172],[113.609859,29.25146],[113.651743,29.225872],[113.693011,29.226394],[113.691779,29.19662],[113.66283,29.16945],[113.690547,29.114566],[113.696091,29.077437],[113.722576,29.104631],[113.749677,29.060699],[113.775547,29.095219],[113.816199,29.105154],[113.852539,29.058606],[113.882104,29.065407],[113.876561,29.038202],[113.898119,29.029307],[113.94185,29.047097],[113.973879,28.937692],[114.008988,28.955498],[114.005292,28.917788],[114.028082,28.891069],[114.060111,28.902596],[114.056415,28.872204],[114.076741,28.834464],[114.124784,28.843376],[114.153734,28.829221],[114.132176,28.607211],[114.08598,28.558337],[114.218407,28.48472],[114.217175,28.466308],[114.172212,28.432632],[114.214712,28.403157],[114.252284,28.395787],[114.2529,28.319423],[114.143879,28.246694],[114.109386,28.205038],[114.107538,28.182885],[113.992357,28.161255],[114.025002,28.080499],[114.047176,28.057263],[114.025618,28.031382],[113.970184,28.041418],[113.914133,27.991227],[113.864242,28.004966],[113.752141,27.93361],[113.72812,27.874904],[113.756453,27.860091],[113.763228,27.799228],[113.607395,27.625449],[113.608627,27.585143],[113.579062,27.545354],[113.583374,27.524657],[113.627105,27.49971],[113.591381,27.467855],[113.59754,27.428554],[113.632033,27.40518],[113.605548,27.38924],[113.616635,27.345658],[113.657902,27.347253],[113.699786,27.331836],[113.72812,27.350442],[113.872865,27.384988],[113.872865,27.289828],[113.771851,27.096598],[113.803264,27.099261],[113.824206,27.036378],[113.927068,26.948922],[113.835909,26.806394],[113.853771,26.769532],[113.860546,26.664221],[113.912901,26.613938],[113.996669,26.615543],[114.019459,26.587182],[114.10877,26.56952],[114.07243,26.480096],[114.110002,26.482775],[114.090292,26.455988],[114.085364,26.406149],[114.062575,26.406149],[114.030546,26.376664],[114.029314,26.266163],[113.949242,26.192616],[113.962792,26.150722],[114.181451,26.214631],[114.216559,26.203355],[114.237501,26.152333],[114.087828,26.06635],[114.044096,26.076564],[114.008372,26.015806],[114.028082,25.98138],[114.028082,25.893119],[113.913517,25.701299],[113.957249,25.611749],[113.983118,25.599336],[113.94493,25.441635],[113.887032,25.436772],[113.877177,25.380552],[113.839605,25.363248],[113.814967,25.328634],[113.76446,25.333502],[113.753373,25.362707],[113.584606,25.306453],[113.579062,25.34432],[113.449715,25.359463],[113.248919,25.514031],[112.924319,25.296714],[112.891058,25.339993],[112.854718,25.337829],[112.867036,25.249632],[112.992688,25.247467],[113.034572,25.198199],[112.97421,25.168412],[112.96805,25.141869],[113.004391,25.089306],[112.979137,25.03401],[113.009934,24.977604],[112.994536,24.927142],[112.873812,24.896747],[112.780805,24.896747],[112.712436,25.083344],[112.660081,25.132658],[112.628052,25.140785],[112.562762,25.124531],[112.458053,25.152162],[112.44327,25.185744],[112.414937,25.14241],[112.365046,25.191701],[112.315771,25.175453],[112.302836,25.157037],[112.187039,25.182494],[112.119902,24.963499],[112.175337,24.927685],[112.167329,24.859828],[112.024431,24.740308]]]]}},{"type":"Feature","properties":{"adcode":440000,"name":"广东省","center":[113.280637,23.125178],"centroid":[113.429919,23.334643],"childrenNum":21,"level":"province","parent":{"adcode":100000},"subFeatureIndex":18,"acroutes":[100000]},"geometry":{"type":"MultiPolygon","coordinates":[[[[113.558736,22.212244],[113.53841,22.209473],[113.534715,22.174009],[113.567359,22.075327],[113.330223,21.96159],[113.319752,21.909407],[113.266781,21.871646],[113.235368,21.887751],[113.1516,21.979905],[113.142977,22.012089],[113.091854,22.065344],[113.086927,22.12634],[113.045659,22.088636],[113.032108,22.04593],[113.053666,22.012089],[113.047507,21.956595],[112.989608,21.869424],[112.929862,21.838875],[112.893522,21.84443],[112.841167,21.920512],[112.792508,21.921067],[112.68595,21.810541],[112.647146,21.758302],[112.535661,21.753856],[112.497473,21.785535],[112.445734,21.803317],[112.427256,21.789981],[112.415553,21.734956],[112.353343,21.707157],[112.238778,21.702153],[112.236315,21.727173],[112.196894,21.736624],[112.192583,21.789425],[112.136532,21.793871],[112.036134,21.761637],[111.956062,21.710494],[111.954214,21.667674],[111.997946,21.657107],[112.026895,21.633744],[111.972692,21.603144],[111.810084,21.555283],[111.832258,21.578659],[111.794686,21.61149],[111.736788,21.609821],[111.650556,21.512418],[111.444217,21.514088],[111.28592,21.41885],[111.257587,21.41495],[111.250196,21.45116],[111.276065,21.443362],[111.28284,21.485691],[111.034617,21.438906],[110.929291,21.375945],[110.768531,21.364799],[110.626249,21.215915],[110.422373,21.190807],[110.39096,21.124949],[110.296722,21.093684],[110.24991,21.045098],[110.241903,21.016051],[110.208642,21.050684],[110.184005,20.891979],[110.209874,20.860106],[110.393424,20.816479],[110.407591,20.731987],[110.392192,20.682724],[110.411286,20.670966],[110.466105,20.680485],[110.550489,20.47262],[110.54125,20.42047],[110.491358,20.373912],[110.452554,20.311064],[110.349076,20.258859],[110.296722,20.249314],[110.220345,20.25156],[110.168606,20.219553],[110.118099,20.219553],[110.082375,20.258859],[109.993679,20.254368],[109.929006,20.211691],[109.909296,20.236961],[109.916071,20.316677],[109.861252,20.376717],[109.888354,20.475423],[109.839695,20.489439],[109.793499,20.615522],[109.74484,20.621124],[109.655529,20.929435],[109.674007,21.067997],[109.674623,21.136671],[109.763934,21.226514],[109.757775,21.346963],[109.770709,21.359783],[109.868644,21.365913],[109.904368,21.429992],[109.785492,21.45673],[109.742992,21.616497],[109.778101,21.670455],[109.786108,21.637638],[109.839695,21.636525],[109.916071,21.668787],[109.940093,21.769419],[109.94502,21.84443],[109.999839,21.881643],[110.050962,21.857205],[110.101469,21.86998],[110.12857,21.902744],[110.224041,21.882198],[110.283787,21.892194],[110.290562,21.917736],[110.337374,21.887751],[110.391576,21.89386],[110.352772,21.97602],[110.364475,22.125785],[110.326287,22.152393],[110.34846,22.195621],[110.378026,22.164587],[110.414366,22.208365],[110.456866,22.189526],[110.505525,22.14297],[110.55788,22.196175],[110.629329,22.149068],[110.678604,22.172901],[110.646575,22.220554],[110.687843,22.249914],[110.725415,22.29588],[110.759292,22.274837],[110.787009,22.28259],[110.711249,22.369506],[110.712481,22.440879],[110.688459,22.477935],[110.74143,22.464109],[110.749437,22.556991],[111.055559,22.648705],[111.089435,22.695643],[111.058023,22.729871],[111.218167,22.748085],[111.358601,22.889301],[111.374615,22.938361],[111.362913,22.967568],[111.433746,23.036428],[111.43313,23.073322],[111.402333,23.066165],[111.377695,23.082132],[111.388782,23.210349],[111.36476,23.240047],[111.353058,23.284582],[111.399869,23.469159],[111.428818,23.466414],[111.479941,23.532822],[111.487332,23.626615],[111.555702,23.64087],[111.615448,23.639225],[111.614832,23.65896],[111.666571,23.718696],[111.621607,23.725819],[111.627766,23.78881],[111.654868,23.833159],[111.8107,23.80688],[111.824867,23.832612],[111.812548,23.887343],[111.845809,23.904305],[111.854432,23.947521],[111.911714,23.943693],[111.940664,23.987989],[111.92157,24.012045],[111.878454,24.109862],[111.877222,24.227252],[111.986243,24.25672],[112.05954,24.339628],[112.057692,24.387057],[112.025047,24.438828],[111.985011,24.467701],[112.009649,24.503103],[112.007185,24.534684],[111.972077,24.578775],[111.936968,24.595645],[111.939432,24.686487],[112.167329,24.859828],[112.175337,24.927685],[112.119902,24.963499],[112.187039,25.182494],[112.302836,25.157037],[112.315771,25.175453],[112.365046,25.191701],[112.414937,25.14241],[112.44327,25.185744],[112.458053,25.152162],[112.562762,25.124531],[112.628052,25.140785],[112.660081,25.132658],[112.712436,25.083344],[112.780805,24.896747],[112.873812,24.896747],[112.994536,24.927142],[113.009934,24.977604],[112.979137,25.03401],[113.004391,25.089306],[112.96805,25.141869],[112.97421,25.168412],[113.034572,25.198199],[112.992688,25.247467],[112.867036,25.249632],[112.854718,25.337829],[112.891058,25.339993],[112.924319,25.296714],[112.93479,25.325929],[112.969898,25.350269],[113.131274,25.414611],[113.11834,25.445418],[113.176854,25.471355],[113.226129,25.50971],[113.248919,25.514031],[113.311129,25.490264],[113.314208,25.442716],[113.449715,25.359463],[113.579062,25.34432],[113.584606,25.306453],[113.753373,25.362707],[113.76446,25.333502],[113.814967,25.328634],[113.839605,25.363248],[113.877177,25.380552],[113.887032,25.436772],[113.94493,25.441635],[114.003444,25.442716],[113.983118,25.415152],[114.050256,25.36433],[114.029314,25.328093],[114.017611,25.273987],[114.039785,25.250714],[114.190074,25.316733],[114.204857,25.29942],[114.260291,25.291845],[114.2954,25.299961],[114.31511,25.33837],[114.382863,25.317274],[114.43029,25.343779],[114.438914,25.376226],[114.477718,25.37136],[114.541159,25.416773],[114.599674,25.385959],[114.63663,25.324306],[114.714238,25.315651],[114.743188,25.274528],[114.685905,25.173287],[114.73518,25.155954],[114.735796,25.121822],[114.664963,25.10123],[114.640326,25.074129],[114.604601,25.083886],[114.561485,25.077382],[114.532536,25.022623],[114.506051,24.999844],[114.395798,24.951019],[114.403189,24.877746],[114.378551,24.861457],[114.342211,24.807145],[114.336052,24.749004],[114.281849,24.724001],[114.27261,24.700624],[114.169132,24.689749],[114.289856,24.619042],[114.300943,24.578775],[114.363769,24.582584],[114.391486,24.563535],[114.403189,24.497657],[114.429058,24.48622],[114.534384,24.559181],[114.589819,24.537406],[114.627391,24.576598],[114.664963,24.583673],[114.704999,24.525973],[114.73826,24.565168],[114.729637,24.608704],[114.846665,24.602719],[114.868839,24.562446],[114.893477,24.582584],[114.909491,24.661471],[115.024672,24.669085],[115.057317,24.703343],[115.083802,24.699537],[115.104744,24.667997],[115.269816,24.749548],[115.306772,24.758787],[115.358511,24.735416],[115.372678,24.774546],[115.412714,24.79302],[115.555611,24.683768],[115.569778,24.622306],[115.605503,24.62557],[115.671408,24.604895],[115.68927,24.545027],[115.843871,24.562446],[115.780429,24.663103],[115.801371,24.705517],[115.769342,24.708236],[115.756408,24.749004],[115.824161,24.909232],[115.863581,24.891318],[115.861733,24.863629],[115.907313,24.879917],[115.885139,24.898918],[115.89253,24.936911],[116.015102,24.905975],[116.068073,24.850053],[116.153073,24.846795],[116.191877,24.877203],[116.221442,24.829959],[116.251007,24.82507],[116.244232,24.793563],[116.395137,24.877746],[116.417927,24.840821],[116.381586,24.82507],[116.375427,24.803885],[116.44626,24.714216],[116.485064,24.720196],[116.530027,24.604895],[116.570679,24.621762],[116.600861,24.654401],[116.777635,24.679418],[116.815207,24.654944],[116.761005,24.583128],[116.759157,24.545572],[116.860787,24.460075],[116.839229,24.442097],[116.903903,24.369614],[116.933468,24.220157],[116.956257,24.216883],[116.998757,24.179217],[116.9347,24.126794],[116.930388,24.064514],[116.953178,24.008218],[116.981511,23.999471],[116.976583,23.931659],[116.955642,23.922359],[116.981511,23.855602],[117.012308,23.855054],[117.055424,23.694038],[117.192778,23.629356],[117.192778,23.5619],[117.085605,23.536663],[117.044953,23.539955],[117.01046,23.502641],[116.963649,23.507031],[116.92854,23.530079],[116.888504,23.501543],[116.871874,23.4159],[116.782563,23.313714],[116.798577,23.244996],[116.821367,23.240597],[116.806584,23.200998],[116.74499,23.215299],[116.566368,23.134424],[116.576839,23.014397],[116.544194,22.996769],[116.50539,22.930645],[116.449955,22.936707],[116.382818,22.91907],[116.302746,22.951588],[116.104413,22.816505],[116.05637,22.844635],[115.883291,22.78561],[115.829089,22.734838],[115.796444,22.739254],[115.788437,22.809885],[115.760103,22.834707],[115.696046,22.84298],[115.654162,22.865591],[115.583945,22.82864],[115.570394,22.786713],[115.541445,22.755259],[115.609198,22.753052],[115.565467,22.684048],[115.575322,22.650914],[115.471844,22.697852],[115.430576,22.684048],[115.381301,22.684048],[115.349272,22.712206],[115.338185,22.776781],[115.319091,22.783402],[115.230396,22.776781],[115.236555,22.82533],[115.190359,22.818711],[115.190975,22.77347],[115.154635,22.80161],[115.076411,22.788368],[115.039454,22.713862],[114.945216,22.645391],[114.927969,22.621639],[114.922426,22.549253],[114.88547,22.538751],[114.866375,22.591805],[114.746267,22.581859],[114.749963,22.764089],[114.709927,22.787817],[114.51529,22.655332],[114.579964,22.661407],[114.603369,22.638763],[114.559022,22.583517],[114.628623,22.513875],[114.506667,22.438667],[114.427211,22.589042],[114.381631,22.60175],[114.232574,22.539857],[114.222719,22.553122],[114.166052,22.559201],[114.082285,22.512216],[114.031778,22.503923],[113.976343,22.510558],[113.893807,22.442539],[113.733663,22.736494],[113.678228,22.726007],[113.717033,22.645391],[113.740438,22.534329],[113.573519,22.41156],[113.608627,22.408793],[113.624642,22.443092],[113.66591,22.438667],[113.669605,22.416539],[113.627721,22.349027],[113.604932,22.339617],[113.594461,22.228864],[113.558736,22.212244]]],[[[117.024627,23.437865],[117.129336,23.483431],[117.142887,23.459826],[117.142887,23.400522],[116.951946,23.419744],[116.944555,23.440061],[116.982743,23.460924],[117.024627,23.437865]]],[[[112.853486,21.740515],[112.83316,21.736624],[112.804826,21.686583],[112.817145,21.590345],[112.775261,21.564189],[112.730914,21.613715],[112.780189,21.671568],[112.734609,21.666562],[112.70566,21.679354],[112.724138,21.719945],[112.782653,21.739959],[112.840551,21.776644],[112.876275,21.772753],[112.853486,21.740515]]],[[[112.530733,21.583667],[112.560299,21.666562],[112.592327,21.693256],[112.663776,21.714386],[112.66624,21.683803],[112.639139,21.67268],[112.665624,21.642644],[112.530733,21.583667]]],[[[110.43346,21.171276],[110.499366,21.213125],[110.525235,21.190249],[110.589293,21.194713],[110.632409,21.210893],[110.582517,21.094801],[110.544945,21.083633],[110.508605,21.140579],[110.489511,21.138904],[110.43346,21.171276]]],[[[110.517844,21.079166],[110.560344,21.061295],[110.539402,20.987557],[110.535706,20.922727],[110.511684,20.916578],[110.47288,20.983087],[110.407591,20.990351],[110.201251,20.938378],[110.305961,21.0881],[110.517844,21.079166]]],[[[116.769628,20.771721],[116.820135,20.780674],[116.88604,20.775638],[116.925461,20.726949],[116.934084,20.676565],[116.905135,20.619443],[116.862635,20.588633],[116.796113,20.582471],[116.749302,20.600958],[116.849084,20.628405],[116.889736,20.683284],[116.87249,20.738143],[116.761005,20.750456],[116.769628,20.771721]]],[[[110.644727,20.935584],[110.646575,20.917137],[110.611467,20.860106],[110.562807,20.861224],[110.548641,20.908752],[110.584365,20.948998],[110.644727,20.935584]]],[[[115.943037,21.097592],[115.965211,21.123832],[116.024341,21.12439],[116.044051,21.110434],[116.067457,21.04063],[116.040356,21.02052],[115.989233,21.035603],[115.953508,21.064088],[115.943037,21.097592]]]]}},{"type":"Feature","properties":{"adcode":450000,"name":"广西壮族自治区","center":[108.320004,22.82402],"centroid":[108.7944,23.833381],"childrenNum":14,"level":"province","parent":{"adcode":100000},"subFeatureIndex":19,"acroutes":[100000]},"geometry":{"type":"MultiPolygon","coordinates":[[[[109.48245,26.029788],[109.513247,25.998056],[109.635203,26.047533],[109.649369,26.016882],[109.730057,25.989988],[109.710963,25.954478],[109.693717,25.959321],[109.67955,25.921649],[109.685094,25.880197],[109.768246,25.890427],[109.779333,25.866196],[109.811361,25.877504],[109.826144,25.911422],[109.806434,25.973848],[109.782412,25.996981],[109.814441,26.041081],[109.864332,26.027637],[109.898825,26.095377],[109.904368,26.135679],[109.970274,26.195301],[110.03002,26.166299],[110.099005,26.168985],[110.100853,26.132455],[110.065128,26.050221],[110.100853,26.020108],[110.168606,26.028713],[110.181541,26.060437],[110.24991,26.010965],[110.257301,25.961473],[110.325671,25.975462],[110.373098,26.088927],[110.437772,26.153945],[110.477808,26.179727],[110.495054,26.166299],[110.612083,26.333764],[110.721104,26.294066],[110.742046,26.313917],[110.73527,26.270993],[110.759292,26.248451],[110.836284,26.255966],[110.939762,26.286554],[110.926212,26.320354],[110.974255,26.385778],[111.008747,26.35897],[111.008132,26.336982],[111.090667,26.308016],[111.208928,26.30426],[111.204616,26.276359],[111.228022,26.261333],[111.277913,26.272066],[111.293311,26.222148],[111.244652,26.078177],[111.267442,26.058824],[111.235413,26.048071],[111.189834,25.953402],[111.230486,25.916267],[111.251428,25.864581],[111.29208,25.854349],[111.376463,25.906039],[111.4861,25.859196],[111.43313,25.84627],[111.442369,25.77192],[111.399869,25.744431],[111.30871,25.720171],[111.309942,25.645203],[111.343202,25.602574],[111.324724,25.564249],[111.32842,25.521592],[111.279145,25.42326],[111.103602,25.285351],[111.112841,25.21715],[110.998892,25.161371],[110.98411,25.101772],[110.951465,25.04377],[110.968711,24.975434],[111.009363,24.921172],[111.100522,24.945593],[111.101754,25.035095],[111.139943,25.042144],[111.200921,25.074672],[111.221862,25.106649],[111.274833,25.151078],[111.321645,25.105023],[111.36784,25.108817],[111.375231,25.128324],[111.435593,25.093642],[111.416499,25.047566],[111.467622,25.02208],[111.460231,24.992793],[111.43313,24.979774],[111.434977,24.951562],[111.470086,24.92877],[111.447296,24.892947],[111.449144,24.857113],[111.479325,24.797366],[111.461463,24.728894],[111.431282,24.687574],[111.570484,24.64461],[111.588962,24.690837],[111.641933,24.684856],[111.637621,24.715303],[111.666571,24.760961],[111.708455,24.788673],[112.024431,24.740308],[111.961606,24.721283],[111.927729,24.629378],[112.007185,24.534684],[112.009649,24.503103],[111.985011,24.467701],[112.025047,24.438828],[112.057692,24.387057],[112.05954,24.339628],[111.986243,24.25672],[111.877222,24.227252],[111.878454,24.109862],[111.92157,24.012045],[111.940664,23.987989],[111.911714,23.943693],[111.854432,23.947521],[111.845809,23.904305],[111.812548,23.887343],[111.824867,23.832612],[111.8107,23.80688],[111.654868,23.833159],[111.627766,23.78881],[111.621607,23.725819],[111.666571,23.718696],[111.614832,23.65896],[111.615448,23.639225],[111.555702,23.64087],[111.487332,23.626615],[111.479941,23.532822],[111.428818,23.466414],[111.399869,23.469159],[111.353058,23.284582],[111.36476,23.240047],[111.388782,23.210349],[111.377695,23.082132],[111.402333,23.066165],[111.43313,23.073322],[111.433746,23.036428],[111.362913,22.967568],[111.374615,22.938361],[111.358601,22.889301],[111.218167,22.748085],[111.058023,22.729871],[111.089435,22.695643],[111.055559,22.648705],[110.749437,22.556991],[110.74143,22.464109],[110.688459,22.477935],[110.712481,22.440879],[110.711249,22.369506],[110.787009,22.28259],[110.759292,22.274837],[110.725415,22.29588],[110.687843,22.249914],[110.646575,22.220554],[110.678604,22.172901],[110.629329,22.149068],[110.55788,22.196175],[110.505525,22.14297],[110.456866,22.189526],[110.414366,22.208365],[110.378026,22.164587],[110.34846,22.195621],[110.326287,22.152393],[110.364475,22.125785],[110.352772,21.97602],[110.391576,21.89386],[110.337374,21.887751],[110.290562,21.917736],[110.224041,21.882198],[110.12857,21.902744],[110.101469,21.86998],[110.050962,21.857205],[109.999839,21.881643],[109.94502,21.84443],[109.940093,21.769419],[109.916071,21.668787],[109.839695,21.636525],[109.786108,21.637638],[109.778101,21.670455],[109.742992,21.616497],[109.785492,21.45673],[109.704188,21.462857],[109.654913,21.493487],[109.612413,21.556953],[109.529877,21.437234],[109.245929,21.425536],[109.186183,21.390991],[109.138756,21.388762],[109.095024,21.419407],[109.046365,21.424421],[109.039589,21.457844],[109.074698,21.489589],[109.142451,21.511861],[109.138756,21.567528],[108.937959,21.589789],[108.881293,21.627068],[108.745786,21.602587],[108.626294,21.67991],[108.591802,21.677129],[108.492635,21.554727],[108.397781,21.533017],[108.330027,21.540254],[108.230245,21.491259],[108.210535,21.505737],[108.249955,21.561406],[108.241332,21.599805],[108.205608,21.597579],[108.156332,21.55083],[108.193905,21.519656],[108.108289,21.508521],[108.034376,21.545821],[107.958,21.534131],[107.863761,21.650988],[107.584741,21.614828],[107.547168,21.58645],[107.486806,21.59591],[107.500973,21.613715],[107.477567,21.659888],[107.431372,21.642088],[107.388256,21.594241],[107.310648,21.733844],[107.271844,21.727173],[107.242279,21.703265],[107.093837,21.803317],[107.018077,21.81943],[107.05996,21.914959],[106.999598,21.947714],[106.974345,21.923288],[106.935541,21.933836],[106.926302,21.967695],[106.73844,22.008205],[106.698404,21.959925],[106.683006,21.999882],[106.706411,22.021521],[106.71565,22.089745],[106.691629,22.13521],[106.706411,22.160707],[106.673151,22.182322],[106.7021,22.207257],[106.688549,22.260438],[106.670071,22.283144],[106.663296,22.33076],[106.562897,22.345706],[106.588767,22.374486],[106.560434,22.455813],[106.588151,22.472958],[106.585071,22.517192],[106.61402,22.602303],[106.650361,22.575228],[106.711955,22.575228],[106.756302,22.68957],[106.780324,22.708894],[106.768621,22.739254],[106.820976,22.768504],[106.838838,22.803265],[106.774781,22.812643],[106.709491,22.866142],[106.716882,22.881582],[106.674998,22.891506],[106.657136,22.863385],[106.631267,22.88103],[106.606013,22.925684],[106.562282,22.923479],[106.525941,22.946628],[106.504383,22.91025],[106.366413,22.857871],[106.286957,22.867245],[106.206885,22.978588],[106.153914,22.988505],[106.019639,22.990709],[105.994385,22.93781],[105.879205,22.916865],[105.839169,22.987403],[105.724604,23.06231],[105.574931,23.066165],[105.526272,23.234548],[105.649459,23.346136],[105.699966,23.327453],[105.694423,23.363168],[105.637757,23.404366],[105.699966,23.40162],[105.852103,23.526786],[105.986378,23.489469],[105.999929,23.447748],[106.141595,23.569579],[106.120653,23.605229],[106.149602,23.665538],[106.157609,23.724175],[106.136667,23.795381],[106.192102,23.824947],[106.173008,23.861622],[106.192718,23.879135],[106.157609,23.891174],[106.04982,24.089649],[105.919241,24.122425],[105.89214,24.040468],[105.859495,24.056864],[105.841633,24.03063],[105.796669,24.023524],[105.802212,24.051945],[105.765256,24.073804],[105.649459,24.032816],[105.628518,24.126794],[105.594641,24.137718],[105.533663,24.130071],[105.493011,24.016965],[105.406163,24.043748],[105.320548,24.116416],[105.260186,24.061236],[105.20044,24.105491],[105.182577,24.167205],[105.229389,24.165567],[105.24294,24.208695],[105.215222,24.214699],[105.164715,24.288362],[105.196744,24.326541],[105.188121,24.347261],[105.138846,24.376701],[105.111744,24.37234],[105.106817,24.414853],[105.042759,24.442097],[104.979933,24.412673],[104.930042,24.411038],[104.765587,24.45953],[104.703377,24.419757],[104.721239,24.340173],[104.70892,24.321087],[104.641783,24.367979],[104.610986,24.377246],[104.63008,24.397958],[104.616529,24.421937],[104.575877,24.424661],[104.550008,24.518894],[104.520443,24.535228],[104.489646,24.653313],[104.529682,24.731611],[104.729246,24.617953],[104.771746,24.659839],[104.841963,24.676155],[104.865985,24.730524],[104.899245,24.752809],[105.03352,24.787586],[105.026745,24.815836],[105.039064,24.872859],[105.077868,24.918459],[105.212758,24.995505],[105.251563,24.967296],[105.267577,24.929313],[105.428337,24.930941],[105.497322,24.809318],[105.573083,24.797366],[105.607576,24.803885],[105.827466,24.702799],[105.863806,24.729437],[105.942031,24.725088],[105.961741,24.677786],[106.024566,24.633186],[106.047356,24.684312],[106.173008,24.760417],[106.206269,24.851139],[106.197645,24.885889],[106.145291,24.954275],[106.442173,25.019369],[106.590615,25.08768],[106.63989,25.132658],[106.644817,25.164621],[106.888113,25.181953],[106.904128,25.231768],[106.933077,25.250714],[106.975577,25.232851],[107.013765,25.275611],[107.012533,25.352973],[106.987896,25.358922],[106.963874,25.437852],[107.066736,25.50917],[107.064272,25.559391],[107.185612,25.578825],[107.205322,25.607971],[107.336517,25.461089],[107.308184,25.432988],[107.318039,25.401637],[107.420901,25.392987],[107.409198,25.347024],[107.432604,25.289139],[107.481263,25.299961],[107.489886,25.276693],[107.472024,25.213902],[107.599523,25.250714],[107.632168,25.310241],[107.659885,25.316192],[107.700537,25.194408],[107.741805,25.24043],[107.762131,25.229061],[107.760283,25.188451],[107.789233,25.15487],[107.762747,25.125073],[107.839124,25.115861],[108.001732,25.196574],[108.080572,25.193867],[108.115065,25.210112],[108.142782,25.390825],[108.193289,25.405421],[108.162492,25.444878],[108.192673,25.458928],[108.251803,25.430286],[108.241332,25.46217],[108.348506,25.536173],[108.418723,25.443257],[108.471693,25.458928],[108.625062,25.308076],[108.6072,25.491885],[108.634917,25.520512],[108.68912,25.533473],[108.658323,25.550212],[108.68912,25.623081],[108.724844,25.634952],[108.783975,25.628477],[108.799989,25.576666],[108.781511,25.554531],[108.814772,25.526992],[108.826474,25.550212],[108.949046,25.557231],[109.024807,25.51241],[109.088249,25.550752],[109.051908,25.566949],[109.030966,25.629556],[109.075314,25.693749],[109.07901,25.72071],[109.043285,25.738502],[109.007561,25.734728],[108.900387,25.682423],[108.896076,25.71424],[109.095024,25.80533],[109.143683,25.795092],[109.13198,25.762758],[109.147995,25.741736],[109.206509,25.788087],[109.207125,25.740119],[109.296436,25.71424],[109.340168,25.731493],[109.327849,25.76168],[109.339552,25.83442],[109.435022,25.93349],[109.408537,25.967392],[109.473211,26.006663],[109.48245,26.029788]]]]}},{"type":"Feature","properties":{"adcode":460000,"name":"海南省","center":[110.33119,20.031971],"centroid":[109.754859,19.189767],"childrenNum":19,"level":"province","parent":{"adcode":100000},"subFeatureIndex":20,"acroutes":[100000]},"geometry":{"type":"MultiPolygon","coordinates":[[[[110.106396,20.026812],[110.144585,20.074598],[110.243135,20.077408],[110.28933,20.056047],[110.318279,20.108882],[110.526467,20.07516],[110.687843,20.163947],[110.717408,20.148778],[110.744509,20.074036],[110.778386,20.068415],[110.808567,20.035808],[110.966248,20.018377],[111.013675,19.850159],[111.043856,19.763448],[111.071573,19.628784],[111.061718,19.612436],[111.008747,19.60398],[110.920668,19.552668],[110.888023,19.518827],[110.844292,19.449996],[110.787009,19.399765],[110.729727,19.378878],[110.706321,19.320153],[110.676756,19.286264],[110.619474,19.152334],[110.578206,18.784458],[110.499366,18.751592],[110.499366,18.651824],[110.246215,18.609859],[110.214186,18.578662],[110.116867,18.506602],[110.090382,18.399309],[110.070672,18.376025],[109.785492,18.339672],[109.749767,18.193618],[109.584696,18.143579],[109.355566,18.215221],[109.287813,18.264671],[109.17448,18.260125],[109.138756,18.268081],[109.108575,18.323766],[109.006329,18.323198],[108.944735,18.314107],[108.905315,18.389087],[108.881293,18.416344],[108.776583,18.441894],[108.68912,18.447571],[108.644772,18.486738],[108.641077,18.565614],[108.663866,18.67337],[108.65278,18.740258],[108.593033,18.809386],[108.595497,18.872256],[108.637997,18.924346],[108.591186,19.141592],[108.609048,19.276661],[108.644772,19.349518],[108.694047,19.387346],[108.765496,19.400894],[109.048829,19.619764],[109.093792,19.68965],[109.147379,19.704863],[109.169553,19.736411],[109.159082,19.79048],[109.300748,19.917693],[109.498464,19.873236],[109.526797,19.943573],[109.585312,19.98801],[109.657993,20.01163],[109.712195,20.017253],[109.76147,19.981261],[109.997375,19.980136],[110.042339,19.991384],[110.106396,20.026812]]],[[[113.266165,8.125929],[113.293882,8.176284],[113.353628,8.237887],[113.354244,8.304217],[113.386273,8.289412],[113.386273,8.238479],[113.349933,8.172137],[113.288955,8.119412],[113.343157,8.193463],[113.311129,8.177469],[113.266165,8.125929]]],[[[117.708319,15.182712],[117.715095,15.222561],[117.748355,15.230068],[117.782848,15.187333],[117.838899,15.15903],[117.784696,15.16885],[117.74466,15.217941],[117.720638,15.195418],[117.72495,15.131302],[117.827812,15.111659],[117.726798,15.105303],[117.712631,15.118592],[117.708319,15.182712]]],[[[111.649324,16.255931],[111.681353,16.262251],[111.598817,16.198469],[111.606825,16.177779],[111.690592,16.211112],[111.611136,16.156511],[111.56802,16.162834],[111.577875,16.208239],[111.649324,16.255931]]],[[[113.896887,7.607204],[114.211632,7.786904],[114.268298,7.870501],[114.414892,7.952895],[114.540543,7.945783],[114.555326,7.891249],[114.540543,7.862201],[114.464167,7.814771],[114.419819,7.765557],[114.407501,7.683126],[114.368696,7.638642],[114.058879,7.537794],[113.98743,7.536014],[113.919677,7.566865],[113.896887,7.607204]]],[[[115.837712,9.709775],[115.870972,9.778785],[115.901153,9.795888],[115.925791,9.781734],[115.901153,9.67084],[115.867277,9.650191],[115.861117,9.694438],[115.837712,9.709775]]],[[[109.463972,7.344339],[109.536037,7.448792],[109.653065,7.559745],[109.72205,7.575763],[109.816289,7.572797],[109.904984,7.55144],[109.948716,7.522962],[109.709115,7.511095],[109.513247,7.320002],[109.463972,7.315254],[109.463972,7.344339]]],[[[112.476531,16.001247],[112.448814,16.005274],[112.462364,16.043813],[112.588016,16.070844],[112.612037,16.039212],[112.570154,16.011027],[112.476531,16.001247]]],[[[114.469095,10.836261],[114.55471,10.900911],[114.587355,10.909138],[114.593514,10.856245],[114.565181,10.836261],[114.513442,10.848605],[114.475254,10.814512],[114.469095,10.836261]]],[[[116.48876,10.395686],[116.526332,10.426883],[116.542346,10.41982],[116.514629,10.34918],[116.637817,10.365076],[116.644592,10.335051],[116.467202,10.309144],[116.461658,10.34918],[116.48876,10.395686]]],[[[115.16757,8.386523],[115.315395,8.356326],[115.285214,8.314876],[115.235939,8.321982],[115.18112,8.345668],[115.16757,8.386523]]],[[[109.936397,7.848566],[109.953027,7.888878],[110.0331,7.944597],[110.078063,7.949339],[110.082991,7.896584],[110.050346,7.846194],[109.988136,7.8124],[109.936397,7.823665],[109.936397,7.848566]]],[[[110.459946,8.116449],[110.461793,8.128298],[110.568351,8.17273],[110.599764,8.156735],[110.554184,8.093935],[110.471032,8.072012],[110.459946,8.116449]]],[[[117.266691,10.69163],[117.293176,10.735144],[117.369553,10.7422],[117.418212,10.702803],[117.404661,10.671047],[117.348611,10.672811],[117.266691,10.69163]]],[[[113.832213,19.158552],[113.799568,19.19925],[113.80696,19.222986],[113.875945,19.237113],[113.920293,19.223551],[113.914749,19.172119],[113.874097,19.151203],[113.832213,19.158552]]]]}},{"type":"Feature","properties":{"adcode":500000,"name":"重庆市","center":[106.504962,29.533155],"centroid":[107.8839,30.067297],"childrenNum":38,"level":"province","parent":{"adcode":100000},"subFeatureIndex":21,"acroutes":[100000]},"geometry":{"type":"MultiPolygon","coordinates":[[[[106.37442,28.525742],[106.33192,28.55308],[106.346703,28.583565],[106.245689,28.817686],[106.264783,28.845997],[106.206885,28.904691],[106.049204,28.906263],[106.040581,28.955498],[106.001161,28.973824],[105.969132,28.965971],[105.910002,28.920407],[105.797285,28.936121],[105.74185,29.039249],[105.757865,29.069068],[105.728916,29.1062],[105.752321,29.129727],[105.728916,29.134432],[105.703662,29.176766],[105.712285,29.219082],[105.695039,29.287482],[105.647612,29.253027],[105.631597,29.280174],[105.557684,29.278608],[105.521344,29.264513],[105.513337,29.283306],[105.459134,29.288526],[105.465294,29.322969],[105.42033,29.31149],[105.418482,29.352185],[105.441888,29.400686],[105.426489,29.419454],[105.372903,29.421018],[105.387069,29.455416],[105.334099,29.441345],[105.337794,29.459064],[105.305149,29.53199],[105.296526,29.571035],[105.419714,29.688082],[105.476996,29.674564],[105.481924,29.718232],[105.529351,29.707836],[105.574931,29.744216],[105.582938,29.819013],[105.610655,29.837184],[105.707974,29.840818],[105.738771,29.891159],[105.717213,29.893753],[105.70243,29.924879],[105.753553,30.018196],[105.574315,30.130579],[105.596489,30.159043],[105.536127,30.152834],[105.662394,30.210258],[105.619894,30.234045],[105.624822,30.275918],[105.720292,30.252657],[105.714749,30.322939],[105.754785,30.342567],[105.760329,30.384393],[105.792357,30.427234],[105.943263,30.372002],[106.031958,30.373551],[106.07261,30.333786],[106.132972,30.30279],[106.132356,30.323972],[106.232754,30.185947],[106.296196,30.205603],[106.306667,30.238182],[106.428623,30.254725],[106.43971,30.308473],[106.560434,30.31519],[106.611557,30.292455],[106.642354,30.246454],[106.611557,30.235596],[106.732281,30.027005],[106.785252,30.01716],[106.83699,30.049801],[106.862244,30.033223],[106.913367,30.025451],[106.981736,30.08502],[107.02054,30.036849],[107.055649,30.040476],[107.221337,30.213878],[107.368546,30.468508],[107.516987,30.644759],[107.424597,30.74048],[107.498509,30.809381],[107.483111,30.838675],[107.645103,30.821202],[107.693146,30.875665],[107.739957,30.884396],[107.760899,30.862823],[107.763979,30.817091],[107.788001,30.81966],[107.851443,30.792931],[107.956152,30.882855],[107.994956,30.908533],[107.948145,30.918802],[107.942602,30.989114],[107.983254,30.983983],[108.00358,31.025533],[108.060246,31.052197],[108.026985,31.061938],[108.009123,31.109602],[108.025753,31.116263],[108.089811,31.204859],[108.07626,31.231985],[108.031297,31.217144],[108.038688,31.252964],[108.095354,31.268311],[108.185898,31.336831],[108.153869,31.371073],[108.216079,31.41041],[108.224086,31.464024],[108.193289,31.467598],[108.191441,31.492096],[108.344194,31.512506],[108.339266,31.539033],[108.386078,31.544134],[108.390389,31.591555],[108.442744,31.633856],[108.546838,31.665442],[108.514809,31.693963],[108.50557,31.734182],[108.535135,31.757592],[108.343578,31.860834],[108.259194,31.967006],[108.307238,31.997463],[108.351585,31.971575],[108.344194,32.067477],[108.372527,32.077112],[108.42981,32.061391],[108.452599,32.090296],[108.379303,32.153652],[108.399013,32.194176],[108.480317,32.182527],[108.509882,32.201266],[108.676801,32.10297],[108.734084,32.106519],[108.902235,31.984774],[108.986619,31.980205],[109.085785,31.929428],[109.123357,31.892851],[109.191111,31.85575],[109.195422,31.817618],[109.27611,31.79931],[109.279806,31.776418],[109.253936,31.759628],[109.282885,31.743343],[109.281654,31.716874],[109.549587,31.73011],[109.731289,31.700582],[109.737449,31.628761],[109.76455,31.602769],[109.745456,31.598182],[109.727594,31.548214],[109.837847,31.555354],[109.894513,31.519139],[109.969658,31.508935],[109.94502,31.47066],[109.98752,31.474744],[110.036795,31.436966],[110.054042,31.410921],[110.118715,31.409899],[110.200019,31.158779],[110.119947,31.088592],[110.140889,30.987062],[110.172918,30.978853],[110.082375,30.799614],[110.048498,30.800642],[110.019549,30.829425],[110.008462,30.883369],[109.943788,30.878746],[109.894513,30.899803],[109.656761,30.760538],[109.574225,30.646818],[109.543428,30.63961],[109.535421,30.664837],[109.435638,30.595832],[109.418392,30.559766],[109.35495,30.487076],[109.337088,30.521623],[109.36111,30.551004],[109.314298,30.599953],[109.299516,30.630341],[109.143683,30.521108],[109.103647,30.565949],[109.111654,30.646303],[109.071002,30.640125],[109.042669,30.655571],[108.808612,30.491202],[108.789518,30.513374],[108.743939,30.494812],[108.698975,30.54482],[108.688504,30.58759],[108.642925,30.578831],[108.6497,30.53915],[108.56778,30.468508],[108.556077,30.487592],[108.512961,30.501515],[108.472925,30.487076],[108.42673,30.492233],[108.402092,30.376649],[108.581947,30.255759],[108.513577,30.057571],[108.532055,30.051873],[108.536367,29.983472],[108.517889,29.9394],[108.516041,29.885451],[108.371295,29.841337],[108.424266,29.815897],[108.437201,29.741098],[108.460606,29.741098],[108.504338,29.707836],[108.601041,29.863656],[108.658939,29.854833],[108.690968,29.689642],[108.752562,29.649082],[108.786438,29.691721],[108.797525,29.660003],[108.781511,29.635558],[108.844337,29.658443],[108.888068,29.628795],[108.870206,29.596537],[108.901003,29.604863],[108.866511,29.470527],[108.884373,29.440824],[108.927488,29.435612],[108.934264,29.399643],[108.919481,29.3261],[109.034662,29.360531],[109.060531,29.403292],[109.11227,29.361053],[109.106727,29.288526],[109.141835,29.270256],[109.110422,29.21647],[109.139372,29.168927],[109.162777,29.180946],[109.215748,29.145409],[109.232378,29.119271],[109.240386,29.086328],[109.312451,29.066453],[109.319842,29.042388],[109.235458,28.882161],[109.246545,28.80143],[109.241002,28.776779],[109.2989,28.7474],[109.294588,28.722211],[109.252704,28.691767],[109.271183,28.671816],[109.192958,28.636104],[109.201581,28.597753],[109.306907,28.62087],[109.319842,28.579886],[109.273646,28.53836],[109.274262,28.494714],[109.23361,28.474726],[109.191726,28.471043],[109.153538,28.417369],[109.152306,28.349975],[109.117198,28.277795],[109.081473,28.247749],[109.101799,28.202401],[109.086401,28.184467],[109.026655,28.220331],[109.005713,28.162837],[108.929952,28.19027],[108.923793,28.217167],[108.89546,28.219804],[108.855424,28.199764],[108.821547,28.245113],[108.772888,28.212949],[108.738395,28.228241],[108.726692,28.282011],[108.761801,28.304143],[108.780279,28.42579],[108.746402,28.45105],[108.709446,28.501026],[108.640461,28.456838],[108.688504,28.422106],[108.697127,28.401051],[108.656475,28.359981],[108.667562,28.334173],[108.611512,28.324691],[108.580099,28.343128],[108.609664,28.43579],[108.586874,28.463678],[108.573939,28.531],[108.610896,28.539412],[108.604736,28.590922],[108.636149,28.621396],[108.575787,28.659738],[108.50249,28.63768],[108.501258,28.626649],[108.439049,28.634003],[108.332491,28.679166],[108.386078,28.803003],[108.352817,28.815589],[108.306622,29.079006],[108.277673,29.091558],[108.256115,29.040295],[108.070717,29.086328],[108.026369,29.039772],[107.882855,29.00628],[107.867457,28.960211],[107.810175,28.984295],[107.823725,29.034016],[107.784921,29.048143],[107.810791,29.139137],[107.749197,29.199754],[107.700537,29.141228],[107.589052,29.150113],[107.570574,29.218037],[107.486806,29.174153],[107.441227,29.203934],[107.401807,29.184603],[107.408582,29.138091],[107.427676,29.128682],[107.412278,29.094696],[107.369778,29.091558],[107.395647,29.041341],[107.364235,29.00942],[107.441227,28.943977],[107.41351,28.911502],[107.383945,28.848618],[107.339597,28.845997],[107.24659,28.76209],[107.219489,28.772582],[107.206554,28.868535],[107.14188,28.887925],[107.016229,28.882685],[107.019308,28.861722],[106.983584,28.851239],[106.988512,28.776254],[106.951555,28.766812],[106.923222,28.809821],[106.824056,28.756319],[106.86594,28.690192],[106.889345,28.695966],[106.866556,28.624548],[106.830831,28.623497],[106.807425,28.589346],[106.784636,28.626649],[106.756918,28.607211],[106.77786,28.563068],[106.73844,28.554657],[106.726121,28.51838],[106.747063,28.467361],[106.708259,28.450524],[106.697788,28.47683],[106.632499,28.503655],[106.564745,28.485247],[106.567825,28.523638],[106.615252,28.549401],[106.618332,28.645033],[106.651593,28.649235],[106.474202,28.832891],[106.45326,28.817162],[106.461883,28.761041],[106.492064,28.742153],[106.528405,28.677591],[106.466811,28.586193],[106.504999,28.544669],[106.477282,28.530474],[106.403369,28.569901],[106.37442,28.525742]]]]}},{"type":"Feature","properties":{"adcode":510000,"name":"四川省","center":[104.065735,30.659462],"centroid":[102.693453,30.674545],"childrenNum":21,"level":"province","parent":{"adcode":100000},"subFeatureIndex":22,"acroutes":[100000]},"geometry":{"type":"MultiPolygon","coordinates":[[[[101.167885,27.198311],[101.071798,27.194585],[101.042233,27.22173],[101.026219,27.270679],[101.021907,27.332899],[100.95169,27.426961],[100.936908,27.469448],[100.901183,27.453517],[100.91227,27.521473],[100.854988,27.623858],[100.827886,27.615904],[100.848212,27.672099],[100.782307,27.691708],[100.775532,27.743098],[100.757053,27.770107],[100.707162,27.800816],[100.719481,27.858503],[100.681293,27.923035],[100.634482,27.915631],[100.609228,27.859033],[100.54517,27.809286],[100.442924,27.86644],[100.311729,27.724028],[100.304954,27.788639],[100.28586,27.80611],[100.30865,27.830457],[100.30865,27.861149],[100.210715,27.87702],[100.170063,27.907699],[100.196549,27.936254],[100.120788,28.018703],[100.088759,28.029269],[100.05673,28.097922],[100.021006,28.147008],[100.033325,28.184467],[100.153433,28.208202],[100.188541,28.252493],[100.147274,28.288862],[100.176223,28.325218],[100.136803,28.349975],[100.057346,28.368934],[100.073977,28.426317],[99.990209,28.47683],[99.985281,28.529422],[99.873181,28.631902],[99.834376,28.628225],[99.834992,28.660788],[99.79434,28.699116],[99.755536,28.701216],[99.722275,28.757369],[99.717964,28.846521],[99.676696,28.810345],[99.625573,28.81454],[99.609559,28.784122],[99.614486,28.740054],[99.553508,28.710664],[99.53195,28.677591],[99.540573,28.623497],[99.504233,28.619294],[99.466045,28.579886],[99.463581,28.549401],[99.403219,28.546246],[99.396444,28.491032],[99.426625,28.454207],[99.404451,28.44421],[99.437095,28.398419],[99.392748,28.318369],[99.412458,28.295186],[99.374886,28.18183],[99.306516,28.227714],[99.28927,28.286227],[99.16485,28.425264],[99.187024,28.44],[99.183944,28.58882],[99.147604,28.640831],[99.126662,28.698066],[99.103872,28.841803],[99.123582,28.890021],[99.132206,28.94869],[99.114343,29.243628],[99.075539,29.316186],[99.052133,29.563748],[99.014561,29.607464],[98.992387,29.677163],[99.068148,29.931621],[99.044742,30.079842],[98.989308,30.151799],[98.9813,30.182843],[98.965286,30.449937],[98.907388,30.698292],[98.963438,30.728134],[98.957895,30.765166],[98.797135,30.87926],[98.774345,30.908019],[98.797135,30.948575],[98.806374,30.995783],[98.675179,31.15417],[98.602498,31.192062],[98.643766,31.338876],[98.691809,31.333253],[98.773113,31.249382],[98.887062,31.37465],[98.619128,31.591555],[98.553839,31.660349],[98.545831,31.717383],[98.414636,31.832365],[98.426339,31.856767],[98.399238,31.895899],[98.432498,31.922825],[98.434962,32.007613],[98.218768,32.234683],[98.218768,32.342444],[97.940363,32.482393],[97.700763,32.53488],[97.616995,32.586329],[97.607756,32.614059],[97.48272,32.654377],[97.42359,32.70475],[97.376163,32.886359],[97.347829,32.895907],[97.375547,32.956689],[97.438372,32.976271],[97.523988,32.988822],[97.499966,33.011408],[97.542466,33.035995],[97.517213,33.097683],[97.487032,33.107209],[97.498119,33.137783],[97.487648,33.168346],[97.548626,33.203907],[97.607756,33.263976],[97.622538,33.337005],[97.676125,33.341004],[97.754349,33.409972],[97.552321,33.465906],[97.511669,33.520805],[97.523372,33.577166],[97.450075,33.582152],[97.415583,33.605582],[97.422974,33.754984],[97.406344,33.795278],[97.373083,33.817655],[97.395257,33.889224],[97.629314,33.919523],[97.660111,33.956264],[97.652719,33.998448],[97.70261,34.036644],[97.665654,34.126855],[97.766668,34.158555],[97.8104,34.207568],[97.898479,34.209548],[97.95453,34.190739],[98.028442,34.122892],[98.206449,34.08424],[98.399854,34.085231],[98.440506,33.981577],[98.407245,33.867362],[98.434962,33.843009],[98.463295,33.848477],[98.492861,33.796272],[98.494092,33.768915],[98.582788,33.731595],[98.610505,33.682805],[98.6567,33.64744],[98.61728,33.637476],[98.648077,33.548741],[98.678258,33.522801],[98.725686,33.503341],[98.742316,33.477887],[98.736157,33.406975],[98.779888,33.370497],[98.759562,33.276985],[98.802062,33.270481],[98.804526,33.219428],[98.858728,33.150811],[99.196263,33.035493],[99.268944,32.878318],[99.353944,32.885354],[99.376118,32.899927],[99.45311,32.862233],[99.558436,32.839106],[99.589233,32.789312],[99.700718,32.76667],[99.717964,32.732443],[99.760464,32.769689],[99.766623,32.826032],[99.791877,32.883344],[99.764159,32.924545],[99.788181,32.956689],[99.805427,32.940619],[99.851007,32.941623],[99.877492,32.993339],[99.877492,33.045527],[99.947709,32.986814],[99.956332,32.948152],[100.038252,32.929066],[100.029629,32.895907],[100.064738,32.895907],[100.123252,32.837095],[100.117093,32.802392],[100.139266,32.724388],[100.088143,32.668988],[100.109701,32.640268],[100.189773,32.630692],[100.208252,32.606497],[100.258759,32.742511],[100.339447,32.719353],[100.399193,32.756101],[100.378251,32.698707],[100.420135,32.73194],[100.54517,32.569687],[100.603069,32.553547],[100.645568,32.526303],[100.657887,32.546484],[100.661583,32.616075],[100.673286,32.628172],[100.710242,32.610026],[100.71209,32.645307],[100.690532,32.678056],[100.93198,32.600447],[101.077342,32.68259],[101.124769,32.658408],[101.157414,32.661431],[101.22332,32.725898],[101.237486,32.825026],[101.124153,32.909976],[101.134624,32.95217],[101.129081,32.989324],[101.183899,32.984304],[101.171581,33.009902],[101.184515,33.041514],[101.146327,33.056563],[101.143863,33.086151],[101.169733,33.10019],[101.11553,33.194893],[101.124769,33.221431],[101.156798,33.236449],[101.182668,33.26948],[101.217776,33.256469],[101.297232,33.262475],[101.381616,33.153316],[101.403174,33.225436],[101.487557,33.226938],[101.633535,33.101193],[101.735781,33.279987],[101.677883,33.297497],[101.64955,33.323004],[101.663716,33.383991],[101.695745,33.433948],[101.769042,33.45592],[101.777665,33.533776],[101.769042,33.538765],[101.783208,33.556721],[101.831252,33.554726],[101.844186,33.602591],[101.884222,33.578163],[101.907012,33.539264],[101.906396,33.48188],[101.946432,33.442937],[101.915635,33.425957],[101.887302,33.383991],[101.877447,33.314502],[101.769658,33.26898],[101.841723,33.184876],[101.825708,33.119239],[101.865744,33.103198],[101.935345,33.186879],[102.08933,33.204908],[102.08933,33.227439],[102.117047,33.288492],[102.200815,33.223434],[102.217446,33.247961],[102.192192,33.337005],[102.218062,33.349503],[102.258098,33.409472],[102.392988,33.404477],[102.447807,33.454922],[102.462589,33.449429],[102.461358,33.501345],[102.446575,33.53228],[102.477988,33.543254],[102.440416,33.574673],[102.346793,33.605582],[102.31538,33.665374],[102.342481,33.725622],[102.284583,33.719151],[102.324619,33.754486],[102.296286,33.783838],[102.243315,33.786823],[102.261177,33.821136],[102.25317,33.861399],[102.136142,33.965199],[102.315996,33.993983],[102.345561,33.969666],[102.392372,33.971651],[102.406539,34.033172],[102.437336,34.087214],[102.649219,34.080275],[102.655994,34.113478],[102.598712,34.14766],[102.911609,34.312923],[102.949181,34.292159],[102.977515,34.252595],[102.973203,34.205588],[103.100087,34.181828],[103.124108,34.162022],[103.121644,34.112487],[103.178927,34.079779],[103.129652,34.065899],[103.119797,34.03466],[103.147514,34.036644],[103.157369,33.998944],[103.120413,33.953286],[103.181391,33.900649],[103.153673,33.819147],[103.165376,33.805721],[103.228202,33.79478],[103.24976,33.814175],[103.35447,33.743539],[103.434542,33.752993],[103.464723,33.80224],[103.518309,33.807213],[103.545411,33.719649],[103.520157,33.678323],[103.552186,33.671351],[103.563889,33.699735],[103.593454,33.716164],[103.778236,33.658898],[104.046169,33.686291],[104.103452,33.663381],[104.176749,33.5996],[104.155191,33.542755],[104.22048,33.404477],[104.272219,33.391486],[104.292545,33.336505],[104.373849,33.345004],[104.420045,33.327004],[104.386168,33.298497],[104.333813,33.315502],[104.303632,33.304499],[104.378161,33.109214],[104.337509,33.038002],[104.391711,33.035493],[104.426204,33.010906],[104.383704,32.994343],[104.378161,32.953174],[104.345516,32.940117],[104.288234,32.942628],[104.277147,32.90244],[104.294393,32.835586],[104.363994,32.822511],[104.458849,32.748551],[104.582653,32.722374],[104.592508,32.695685],[104.643015,32.661935],[104.696601,32.673522],[104.739717,32.635228],[104.795768,32.643292],[104.820405,32.662943],[104.845659,32.653873],[104.881999,32.600951],[104.925115,32.607505],[105.026745,32.650346],[105.0791,32.637244],[105.111128,32.593893],[105.185041,32.617587],[105.215222,32.63674],[105.219534,32.666469],[105.263265,32.652362],[105.297758,32.656897],[105.448663,32.732946],[105.38091,32.876307],[105.408011,32.885857],[105.414171,32.922034],[105.467757,32.930071],[105.596489,32.69921],[105.677793,32.726402],[105.719061,32.759624],[105.822538,32.770192],[105.825002,32.824523],[105.969132,32.849162],[106.011632,32.829552],[106.044277,32.864747],[106.071378,32.828546],[106.093552,32.82402],[106.07261,32.76365],[106.071378,32.758114],[106.120037,32.719856],[106.347935,32.671003],[106.389203,32.62666],[106.421231,32.616579],[106.451412,32.65992],[106.626955,32.682086],[106.670071,32.694678],[106.733513,32.739491],[106.82344,32.705254],[107.066736,32.708779],[107.108004,32.600951],[107.080286,32.542448],[107.212097,32.428864],[107.263836,32.403099],[107.382097,32.54043],[107.436299,32.529835],[107.456625,32.41775],[107.489886,32.425328],[107.527458,32.38238],[107.598291,32.411688],[107.648183,32.413709],[107.680827,32.397035],[107.707929,32.331826],[107.753508,32.338399],[107.812022,32.247844],[107.864377,32.201266],[107.890247,32.214432],[107.924739,32.197215],[107.979558,32.146051],[108.024521,32.177462],[108.018362,32.2119],[108.179738,32.221521],[108.240716,32.274666],[108.310933,32.232152],[108.469846,32.270618],[108.507418,32.245819],[108.509882,32.201266],[108.480317,32.182527],[108.399013,32.194176],[108.370063,32.172397],[108.452599,32.090296],[108.42981,32.061391],[108.372527,32.077112],[108.344194,32.067477],[108.362056,32.035521],[108.329411,32.020299],[108.370063,31.988835],[108.351585,31.971575],[108.307238,31.997463],[108.259194,31.967006],[108.343578,31.860834],[108.535135,31.757592],[108.50557,31.734182],[108.514809,31.693963],[108.546838,31.665442],[108.442744,31.633856],[108.390389,31.591555],[108.386078,31.544134],[108.339266,31.539033],[108.344194,31.512506],[108.191441,31.492096],[108.193289,31.467598],[108.224086,31.464024],[108.216079,31.41041],[108.153869,31.371073],[108.185898,31.336831],[108.095354,31.268311],[108.038688,31.252964],[108.031297,31.217144],[108.07626,31.231985],[108.089811,31.204859],[108.025753,31.116263],[108.009123,31.109602],[108.026985,31.061938],[108.060246,31.052197],[108.00358,31.025533],[107.983254,30.983983],[107.942602,30.989114],[107.948145,30.918802],[107.994956,30.908533],[107.956152,30.882855],[107.851443,30.792931],[107.788001,30.81966],[107.763979,30.817091],[107.760899,30.862823],[107.739957,30.884396],[107.693146,30.875665],[107.645103,30.821202],[107.483111,30.838675],[107.498509,30.809381],[107.424597,30.74048],[107.516987,30.644759],[107.368546,30.468508],[107.221337,30.213878],[107.058113,30.043066],[107.053801,30.043584],[107.02054,30.036849],[106.975577,30.088127],[106.913367,30.025451],[106.862244,30.033223],[106.83699,30.049801],[106.785252,30.01716],[106.732281,30.027005],[106.611557,30.235596],[106.642354,30.246454],[106.611557,30.292455],[106.560434,30.31519],[106.43971,30.308473],[106.428623,30.254725],[106.306667,30.238182],[106.296196,30.205603],[106.232754,30.185947],[106.180399,30.233011],[106.168696,30.303823],[105.825618,30.436006],[105.714749,30.322939],[105.720292,30.252657],[105.720292,30.252657],[105.670401,30.254208],[105.624822,30.275918],[105.619894,30.234045],[105.662394,30.210258],[105.556453,30.187499],[105.550909,30.179222],[105.536127,30.152834],[105.596489,30.159043],[105.574315,30.130579],[105.753553,30.018196],[105.70243,29.924879],[105.717213,29.893753],[105.738771,29.891159],[105.707974,29.840818],[105.610655,29.837184],[105.582938,29.819013],[105.574931,29.744216],[105.529351,29.707836],[105.481924,29.718232],[105.476996,29.674564],[105.419714,29.688082],[105.296526,29.571035],[105.334099,29.441345],[105.387069,29.455416],[105.387069,29.455416],[105.399388,29.43874],[105.372903,29.421018],[105.426489,29.419454],[105.441888,29.400686],[105.418482,29.352185],[105.42033,29.31149],[105.465294,29.322969],[105.459134,29.288526],[105.513337,29.283306],[105.521344,29.264513],[105.557684,29.278608],[105.631597,29.280174],[105.647612,29.253027],[105.695039,29.287482],[105.712285,29.219082],[105.703662,29.176766],[105.728916,29.134432],[105.752321,29.129727],[105.728916,29.1062],[105.757865,29.069068],[105.74185,29.039249],[105.797285,28.936121],[105.910002,28.920407],[105.969132,28.965971],[106.001161,28.973824],[106.040581,28.955498],[106.049204,28.906263],[106.206885,28.904691],[106.264783,28.845997],[106.245689,28.817686],[106.379348,28.479986],[106.349167,28.473674],[106.184711,28.58882],[106.17116,28.629275],[106.14837,28.642932],[106.103407,28.636104],[106.085544,28.681792],[105.966668,28.761041],[105.937719,28.686517],[105.889676,28.670765],[105.884748,28.595126],[105.757249,28.590397],[105.74493,28.616668],[105.712901,28.586718],[105.693191,28.58882],[105.68272,28.534154],[105.62359,28.517854],[105.639604,28.324164],[105.68888,28.284119],[105.730147,28.271997],[105.78743,28.335753],[105.824386,28.306251],[105.848408,28.255656],[105.889676,28.237732],[105.860727,28.159672],[105.895219,28.119565],[105.943878,28.143314],[105.975907,28.107952],[106.093552,28.162837],[106.145291,28.162837],[106.206885,28.134343],[106.266631,28.066769],[106.246305,28.011835],[106.286341,28.007079],[106.328225,27.952643],[106.307899,27.936782],[106.304819,27.899237],[106.325145,27.898708],[106.337464,27.859033],[106.306667,27.808756],[106.242609,27.767459],[106.193334,27.75422],[106.120653,27.779638],[106.063987,27.776991],[105.62359,27.666269],[105.605112,27.715552],[105.560148,27.71979],[105.508409,27.769048],[105.44004,27.775402],[105.353809,27.748924],[105.308229,27.704955],[105.273736,27.794992],[105.313157,27.810874],[105.25957,27.827811],[105.233084,27.895534],[105.284823,27.935725],[105.270657,27.99704],[105.186273,27.995454],[105.168411,28.071522],[105.119752,28.07205],[105.061853,28.096866],[105.002107,28.064129],[104.980549,28.063073],[104.888158,27.914574],[104.743413,27.901881],[104.573413,27.840512],[104.304248,28.050926],[104.373233,28.051454],[104.40095,28.091586],[104.448994,28.113758],[104.402182,28.202928],[104.442834,28.211366],[104.462544,28.241422],[104.384936,28.329959],[104.343052,28.334173],[104.314103,28.306778],[104.282074,28.343128],[104.254357,28.403683],[104.267908,28.499448],[104.260516,28.536257],[104.323342,28.540989],[104.355987,28.555183],[104.425588,28.626649],[104.372617,28.649235],[104.314719,28.615617],[104.277147,28.631902],[104.252509,28.660788],[104.230951,28.635579],[104.170589,28.642932],[104.117618,28.634003],[104.09606,28.603533],[104.05972,28.6277],[103.953779,28.600906],[103.850917,28.66709],[103.833054,28.605109],[103.838598,28.587244],[103.802873,28.563068],[103.781931,28.525216],[103.877402,28.316262],[103.701859,28.198709],[103.692004,28.232459],[103.643961,28.260401],[103.573128,28.230877],[103.430846,28.044587],[103.459179,28.021345],[103.486281,28.033495],[103.515846,27.965329],[103.55465,27.978543],[103.502295,27.910343],[103.509686,27.843687],[103.487512,27.794992],[103.29226,27.632872],[103.2861,27.561802],[103.232514,27.56976],[103.141355,27.420586],[102.989833,27.367983],[102.941174,27.405711],[102.899906,27.317481],[102.883892,27.299401],[102.913457,27.133886],[102.870957,27.026782],[102.894979,27.001724],[102.896211,26.91264],[102.949181,26.843244],[102.966428,26.837904],[103.052659,26.555602],[103.052659,26.514374],[103.030485,26.485989],[102.989833,26.482775],[102.988602,26.413117],[102.998457,26.371839],[102.975667,26.340736],[102.893131,26.338591],[102.878964,26.364332],[102.833385,26.306406],[102.785342,26.298895],[102.739762,26.268846],[102.709581,26.210336],[102.659074,26.221611],[102.60056,26.250598],[102.638748,26.307479],[102.629509,26.336982],[102.570995,26.362723],[102.245163,26.212483],[102.107808,26.068501],[101.929186,26.105588],[101.835563,26.04592],[101.839875,26.082477],[101.796759,26.114723],[101.807846,26.156093],[101.773353,26.168448],[101.737013,26.219463],[101.690202,26.241473],[101.630455,26.224832],[101.586108,26.279579],[101.660636,26.346635],[101.635383,26.357361],[101.637847,26.388995],[101.506652,26.499915],[101.458608,26.49563],[101.422884,26.53151],[101.395783,26.591998],[101.402558,26.604841],[101.461688,26.606447],[101.461072,26.640687],[101.481398,26.673313],[101.453065,26.692563],[101.513427,26.768463],[101.466,26.786629],[101.445674,26.77434],[101.458608,26.731054],[101.435819,26.740675],[101.389623,26.723036],[101.387159,26.753501],[101.358826,26.771669],[101.399478,26.841642],[101.365602,26.883819],[101.311399,26.903034],[101.267667,26.903034],[101.264587,26.955323],[101.136472,27.023584],[101.167885,27.198311]]]]}},{"type":"Feature","properties":{"adcode":520000,"name":"贵州省","center":[106.713478,26.578343],"centroid":[106.880455,26.826368],"childrenNum":9,"level":"province","parent":{"adcode":100000},"subFeatureIndex":23,"acroutes":[100000]},"geometry":{"type":"MultiPolygon","coordinates":[[[[109.274262,28.494714],[109.275494,28.313101],[109.388211,28.268307],[109.298284,28.036136],[109.335856,28.063073],[109.378972,28.034551],[109.30198,27.956343],[109.32169,27.868027],[109.346943,27.838396],[109.332777,27.782815],[109.37774,27.736741],[109.366653,27.721909],[109.414081,27.725087],[109.470747,27.680049],[109.461508,27.567637],[109.404841,27.55066],[109.303211,27.47582],[109.300132,27.423774],[109.245313,27.41793],[109.202197,27.450331],[109.167089,27.41793],[109.141835,27.448207],[109.142451,27.418461],[109.103647,27.336621],[109.044517,27.331304],[109.053756,27.293551],[108.907778,27.204699],[108.926873,27.160512],[108.878829,27.106187],[108.79075,27.084343],[108.877597,27.01612],[108.942887,27.017186],[108.942887,27.017186],[108.940423,27.044907],[109.007561,27.08008],[109.032814,27.104056],[109.128901,27.122701],[109.101183,27.06889],[109.165857,27.066758],[109.21698,27.114711],[109.239154,27.14933],[109.415312,27.154123],[109.441182,27.117907],[109.472595,27.134951],[109.454733,27.069423],[109.520022,27.058764],[109.555131,26.946788],[109.436254,26.892359],[109.486761,26.759913],[109.35495,26.693098],[109.283501,26.698445],[109.306291,26.661012],[109.334008,26.646036],[109.35495,26.658873],[109.390675,26.598955],[109.407305,26.533116],[109.362342,26.472061],[109.38082,26.454381],[109.319842,26.418477],[109.29582,26.350389],[109.271183,26.327863],[109.351255,26.264016],[109.467051,26.313917],[109.439334,26.238789],[109.47629,26.148035],[109.513863,26.128157],[109.502776,26.096451],[109.449805,26.101826],[109.452885,26.055598],[109.48245,26.029788],[109.473211,26.006663],[109.408537,25.967392],[109.435022,25.93349],[109.339552,25.83442],[109.327849,25.76168],[109.340168,25.731493],[109.296436,25.71424],[109.207125,25.740119],[109.206509,25.788087],[109.147995,25.741736],[109.13198,25.762758],[109.143683,25.795092],[109.095024,25.80533],[108.896076,25.71424],[108.900387,25.682423],[109.007561,25.734728],[109.043285,25.738502],[109.07901,25.72071],[109.075314,25.693749],[109.030966,25.629556],[109.051908,25.566949],[109.088249,25.550752],[109.024807,25.51241],[108.949046,25.557231],[108.826474,25.550212],[108.814772,25.526992],[108.781511,25.554531],[108.799989,25.576666],[108.783975,25.628477],[108.724844,25.634952],[108.68912,25.623081],[108.658323,25.550212],[108.68912,25.533473],[108.634917,25.520512],[108.6072,25.491885],[108.625062,25.308076],[108.471693,25.458928],[108.418723,25.443257],[108.348506,25.536173],[108.308469,25.525912],[108.280752,25.48],[108.241332,25.46217],[108.251803,25.430286],[108.192673,25.458928],[108.162492,25.444878],[108.193289,25.405421],[108.142782,25.390825],[108.115065,25.210112],[108.080572,25.193867],[108.001732,25.196574],[107.839124,25.115861],[107.762747,25.125073],[107.789233,25.15487],[107.760283,25.188451],[107.762131,25.229061],[107.741805,25.24043],[107.700537,25.194408],[107.659885,25.316192],[107.632168,25.310241],[107.599523,25.250714],[107.472024,25.213902],[107.489886,25.276693],[107.481263,25.299961],[107.432604,25.289139],[107.409198,25.347024],[107.420901,25.392987],[107.318039,25.401637],[107.308184,25.432988],[107.336517,25.461089],[107.205322,25.607971],[107.185612,25.578825],[107.064272,25.559391],[107.066736,25.50917],[106.963874,25.437852],[106.987896,25.358922],[107.012533,25.352973],[107.013765,25.275611],[106.975577,25.232851],[106.933077,25.250714],[106.904128,25.231768],[106.888113,25.181953],[106.644817,25.164621],[106.63989,25.132658],[106.590615,25.08768],[106.442173,25.019369],[106.145291,24.954275],[106.197645,24.885889],[106.206269,24.851139],[106.173008,24.760417],[106.047356,24.684312],[106.024566,24.633186],[105.961741,24.677786],[105.942031,24.725088],[105.863806,24.729437],[105.827466,24.702799],[105.607576,24.803885],[105.573083,24.797366],[105.497322,24.809318],[105.428337,24.930941],[105.267577,24.929313],[105.251563,24.967296],[105.212758,24.995505],[105.077868,24.918459],[105.039064,24.872859],[105.026745,24.815836],[105.03352,24.787586],[104.899245,24.752809],[104.865985,24.730524],[104.841963,24.676155],[104.771746,24.659839],[104.729246,24.617953],[104.529682,24.731611],[104.542616,24.75607],[104.539537,24.813663],[104.713232,24.996048],[104.684898,25.054072],[104.619609,25.060577],[104.685514,25.078466],[104.753884,25.214443],[104.801927,25.163537],[104.822869,25.170037],[104.806854,25.224189],[104.826565,25.235558],[104.816094,25.262622],[104.639935,25.295632],[104.646094,25.356759],[104.543232,25.400556],[104.556783,25.524832],[104.434827,25.472436],[104.428668,25.576126],[104.389248,25.595558],[104.332581,25.598796],[104.310407,25.647901],[104.328886,25.760602],[104.370769,25.730415],[104.441602,25.868889],[104.414501,25.909807],[104.438523,25.92757],[104.470552,26.009352],[104.460081,26.085702],[104.499501,26.070651],[104.52845,26.114186],[104.542616,26.253282],[104.684283,26.3772],[104.638703,26.477954],[104.598667,26.520801],[104.57095,26.524549],[104.579573,26.568449],[104.459465,26.602701],[104.468088,26.644431],[104.424356,26.709137],[104.398487,26.686147],[104.353523,26.620893],[104.121314,26.638012],[104.068343,26.573266],[104.067727,26.51491],[103.865699,26.512232],[103.763453,26.585041],[103.773308,26.716621],[103.725265,26.742812],[103.705555,26.794642],[103.722185,26.851253],[103.779468,26.87421],[103.763453,26.905702],[103.775156,26.951056],[103.704939,27.049171],[103.675374,27.051836],[103.623019,27.007056],[103.623635,27.035312],[103.601461,27.061962],[103.614396,27.079548],[103.659975,27.065692],[103.652584,27.092868],[103.620555,27.096598],[103.63349,27.12057],[103.696316,27.126429],[103.80041,27.26536],[103.865699,27.28185],[103.932221,27.443958],[103.956242,27.425367],[104.015372,27.429086],[104.01722,27.383926],[104.084358,27.330773],[104.113923,27.338216],[104.173053,27.263232],[104.210625,27.297273],[104.248813,27.291955],[104.247582,27.336621],[104.363378,27.467855],[104.467472,27.414211],[104.497037,27.414743],[104.539537,27.327583],[104.570334,27.331836],[104.611602,27.306846],[104.7545,27.345658],[104.77113,27.317481],[104.824717,27.3531],[104.871528,27.290891],[105.068013,27.418461],[105.120984,27.418461],[105.184425,27.392959],[105.182577,27.367451],[105.260186,27.514573],[105.232469,27.546945],[105.25649,27.582491],[105.304533,27.611661],[105.29591,27.631811],[105.308229,27.704955],[105.353809,27.748924],[105.44004,27.775402],[105.508409,27.769048],[105.560148,27.71979],[105.605112,27.715552],[105.62359,27.666269],[106.063987,27.776991],[106.242609,27.767459],[106.306667,27.808756],[106.337464,27.859033],[106.325145,27.898708],[106.304819,27.899237],[106.307899,27.936782],[106.328225,27.952643],[106.286341,28.007079],[106.246305,28.011835],[106.266631,28.066769],[106.206885,28.134343],[106.145291,28.162837],[106.093552,28.162837],[105.975907,28.107952],[105.943878,28.143314],[105.895219,28.119565],[105.860727,28.159672],[105.889676,28.237732],[105.848408,28.255656],[105.824386,28.306251],[105.78743,28.335753],[105.730147,28.271997],[105.68888,28.284119],[105.639604,28.324164],[105.62359,28.517854],[105.68272,28.534154],[105.693191,28.58882],[105.712901,28.586718],[105.74493,28.616668],[105.757249,28.590397],[105.884748,28.595126],[105.889676,28.670765],[105.937719,28.686517],[105.966668,28.761041],[106.085544,28.681792],[106.103407,28.636104],[106.14837,28.642932],[106.17116,28.629275],[106.184711,28.58882],[106.349167,28.473674],[106.379348,28.479986],[106.37442,28.525742],[106.403369,28.569901],[106.477282,28.530474],[106.504999,28.544669],[106.466811,28.586193],[106.528405,28.677591],[106.492064,28.742153],[106.461883,28.761041],[106.45326,28.817162],[106.474202,28.832891],[106.651593,28.649235],[106.618332,28.645033],[106.615252,28.549401],[106.567825,28.523638],[106.564745,28.485247],[106.632499,28.503655],[106.697788,28.47683],[106.708259,28.450524],[106.747063,28.467361],[106.726121,28.51838],[106.73844,28.554657],[106.77786,28.563068],[106.756918,28.607211],[106.784636,28.626649],[106.807425,28.589346],[106.830831,28.623497],[106.866556,28.624548],[106.889345,28.695966],[106.86594,28.690192],[106.824056,28.756319],[106.923222,28.809821],[106.951555,28.766812],[106.988512,28.776254],[106.983584,28.851239],[107.019308,28.861722],[107.016229,28.882685],[107.14188,28.887925],[107.206554,28.868535],[107.219489,28.772582],[107.24659,28.76209],[107.339597,28.845997],[107.383945,28.848618],[107.41351,28.911502],[107.441227,28.943977],[107.364235,29.00942],[107.395647,29.041341],[107.369778,29.091558],[107.412278,29.094696],[107.401807,29.184603],[107.441227,29.203934],[107.486806,29.174153],[107.570574,29.218037],[107.589052,29.150113],[107.700537,29.141228],[107.749197,29.199754],[107.810791,29.139137],[107.784921,29.048143],[107.823725,29.034016],[107.810175,28.984295],[107.867457,28.960211],[107.882855,29.00628],[108.026369,29.039772],[108.070717,29.086328],[108.256115,29.040295],[108.277673,29.091558],[108.306622,29.079006],[108.352817,28.815589],[108.386078,28.803003],[108.332491,28.679166],[108.439049,28.634003],[108.501258,28.626649],[108.50249,28.63768],[108.575787,28.659738],[108.636149,28.621396],[108.604736,28.590922],[108.610896,28.539412],[108.573939,28.531],[108.586874,28.463678],[108.609664,28.43579],[108.580099,28.343128],[108.611512,28.324691],[108.667562,28.334173],[108.656475,28.359981],[108.697127,28.401051],[108.688504,28.422106],[108.640461,28.456838],[108.709446,28.501026],[108.746402,28.45105],[108.780279,28.42579],[108.761801,28.304143],[108.726692,28.282011],[108.738395,28.228241],[108.772888,28.212949],[108.821547,28.245113],[108.855424,28.199764],[108.89546,28.219804],[108.923793,28.217167],[108.929952,28.19027],[109.005713,28.162837],[109.026655,28.220331],[109.086401,28.184467],[109.101799,28.202401],[109.081473,28.247749],[109.117198,28.277795],[109.152306,28.349975],[109.153538,28.417369],[109.191726,28.471043],[109.23361,28.474726],[109.274262,28.494714]]],[[[109.47629,26.829894],[109.467051,26.83203],[109.452885,26.861932],[109.486761,26.895562],[109.509551,26.877947],[109.522486,26.749226],[109.52187,26.749226],[109.486761,26.759913],[109.47629,26.829894]]]]}},{"type":"Feature","properties":{"adcode":530000,"name":"云南省","center":[102.712251,25.040609],"centroid":[101.485106,25.008643],"childrenNum":16,"level":"province","parent":{"adcode":100000},"subFeatureIndex":24,"acroutes":[100000]},"geometry":{"type":"MultiPolygon","coordinates":[[[[105.308229,27.704955],[105.29591,27.631811],[105.304533,27.611661],[105.25649,27.582491],[105.232469,27.546945],[105.260186,27.514573],[105.182577,27.367451],[105.184425,27.392959],[105.120984,27.418461],[105.068013,27.418461],[104.871528,27.290891],[104.824717,27.3531],[104.77113,27.317481],[104.7545,27.345658],[104.611602,27.306846],[104.570334,27.331836],[104.539537,27.327583],[104.497037,27.414743],[104.467472,27.414211],[104.363378,27.467855],[104.247582,27.336621],[104.248813,27.291955],[104.210625,27.297273],[104.173053,27.263232],[104.113923,27.338216],[104.084358,27.330773],[104.01722,27.383926],[104.015372,27.429086],[103.956242,27.425367],[103.932221,27.443958],[103.865699,27.28185],[103.80041,27.26536],[103.696316,27.126429],[103.63349,27.12057],[103.620555,27.096598],[103.652584,27.092868],[103.659975,27.065692],[103.614396,27.079548],[103.601461,27.061962],[103.623635,27.035312],[103.623019,27.007056],[103.675374,27.051836],[103.704939,27.049171],[103.775156,26.951056],[103.763453,26.905702],[103.779468,26.87421],[103.722185,26.851253],[103.705555,26.794642],[103.725265,26.742812],[103.773308,26.716621],[103.759142,26.689355],[103.748671,26.623568],[103.819504,26.529903],[104.067727,26.51491],[104.068343,26.573266],[104.121314,26.638012],[104.353523,26.620893],[104.398487,26.686147],[104.424356,26.709137],[104.468088,26.644431],[104.459465,26.602701],[104.488414,26.579689],[104.556783,26.590393],[104.579573,26.568449],[104.57095,26.524549],[104.665804,26.434019],[104.664572,26.397572],[104.684283,26.3772],[104.659645,26.335373],[104.592508,26.317672],[104.542616,26.253282],[104.52845,26.114186],[104.499501,26.070651],[104.460081,26.085702],[104.470552,26.009352],[104.438523,25.92757],[104.414501,25.909807],[104.441602,25.868889],[104.370769,25.730415],[104.328886,25.760602],[104.310407,25.647901],[104.332581,25.598796],[104.389248,25.595558],[104.428668,25.576126],[104.434827,25.472436],[104.556783,25.524832],[104.543232,25.400556],[104.646094,25.356759],[104.639935,25.295632],[104.816094,25.262622],[104.826565,25.235558],[104.806854,25.224189],[104.822869,25.170037],[104.801927,25.163537],[104.753884,25.214443],[104.685514,25.078466],[104.619609,25.060577],[104.684898,25.054072],[104.713232,24.996048],[104.539537,24.813663],[104.542616,24.75607],[104.529682,24.731611],[104.489646,24.653313],[104.575877,24.424661],[104.616529,24.421937],[104.63008,24.397958],[104.610986,24.377246],[104.641783,24.367979],[104.70892,24.321087],[104.721239,24.340173],[104.703377,24.419757],[104.765587,24.45953],[104.930042,24.411038],[104.979933,24.412673],[105.042759,24.442097],[105.106817,24.414853],[105.111744,24.37234],[105.138846,24.376701],[105.188121,24.347261],[105.196744,24.326541],[105.164715,24.288362],[105.215222,24.214699],[105.24294,24.208695],[105.229389,24.165567],[105.182577,24.167205],[105.20044,24.105491],[105.260186,24.061236],[105.320548,24.116416],[105.406163,24.043748],[105.493011,24.016965],[105.533663,24.130071],[105.594641,24.137718],[105.628518,24.126794],[105.649459,24.032816],[105.765256,24.073804],[105.802212,24.051945],[105.796669,24.023524],[105.841633,24.03063],[105.859495,24.056864],[105.89214,24.040468],[105.919241,24.122425],[105.963589,24.110954],[105.998081,24.120786],[106.011632,24.099482],[106.04982,24.089649],[106.157609,23.891174],[106.192718,23.879135],[106.173008,23.861622],[106.192102,23.824947],[106.136667,23.795381],[106.157609,23.724175],[106.149602,23.665538],[106.120653,23.605229],[106.141595,23.569579],[105.999929,23.447748],[105.986378,23.489469],[105.852103,23.526786],[105.699966,23.40162],[105.637757,23.404366],[105.694423,23.363168],[105.699966,23.327453],[105.649459,23.346136],[105.593409,23.312614],[105.560148,23.257093],[105.526272,23.234548],[105.542902,23.184495],[105.50225,23.202648],[105.445584,23.292827],[105.416018,23.283482],[105.372903,23.317561],[105.353809,23.362069],[105.325475,23.390086],[105.260186,23.31811],[105.238012,23.26424],[105.093266,23.260942],[104.958991,23.188896],[104.949136,23.152033],[104.912796,23.175693],[104.882615,23.163589],[104.874608,23.123417],[104.804391,23.110207],[104.821021,23.032022],[104.860441,22.970874],[104.846275,22.926235],[104.772362,22.893711],[104.737869,22.825882],[104.674428,22.817056],[104.596203,22.846289],[104.375697,22.690122],[104.323342,22.728767],[104.272835,22.73815],[104.261748,22.841877],[104.224176,22.826434],[104.117618,22.808781],[104.089901,22.768504],[104.045553,22.728215],[104.009213,22.517745],[103.964865,22.502265],[103.642113,22.794989],[103.529396,22.59291],[103.436389,22.6973],[103.441317,22.753052],[103.375411,22.794989],[103.323057,22.807678],[103.283021,22.678526],[103.220195,22.643734],[103.195557,22.648153],[103.161065,22.590147],[103.183238,22.558649],[103.071753,22.488441],[103.081608,22.454154],[103.030485,22.441432],[102.986754,22.477935],[102.930703,22.482359],[102.892515,22.533223],[102.880196,22.586832],[102.82353,22.623296],[102.607335,22.730975],[102.569763,22.701164],[102.551285,22.743669],[102.510633,22.774574],[102.45951,22.762986],[102.43672,22.699508],[102.384365,22.679631],[102.404691,22.629925],[102.25625,22.457473],[102.270416,22.419858],[102.179257,22.430369],[102.145381,22.397727],[102.131214,22.430922],[102.046214,22.458026],[101.978461,22.427603],[101.907628,22.437007],[101.901469,22.384447],[101.862665,22.389427],[101.823244,22.42705],[101.824476,22.45692],[101.774585,22.506135],[101.715455,22.477935],[101.672339,22.47517],[101.648318,22.400494],[101.671723,22.372826],[101.625528,22.28259],[101.56455,22.269299],[101.547304,22.238282],[101.596579,22.161262],[101.602738,22.131883],[101.573789,22.115251],[101.626144,22.005986],[101.606434,21.967695],[101.666796,21.934391],[101.701288,21.938832],[101.700057,21.897191],[101.771506,21.833319],[101.747484,21.729953],[101.76781,21.716054],[101.780129,21.640975],[101.807846,21.644313],[101.828788,21.617054],[101.804766,21.577546],[101.754875,21.58478],[101.755491,21.538027],[101.772737,21.512975],[101.741324,21.482906],[101.749948,21.409379],[101.730238,21.336929],[101.745636,21.297345],[101.791832,21.285636],[101.833715,21.252731],[101.834331,21.204756],[101.794911,21.208104],[101.76473,21.147835],[101.703136,21.14616],[101.672339,21.194713],[101.605818,21.172392],[101.588572,21.191365],[101.601506,21.233208],[101.532521,21.252174],[101.290457,21.17853],[101.222088,21.234324],[101.246725,21.275598],[101.244877,21.302364],[101.183899,21.334699],[101.142631,21.409379],[101.194986,21.424979],[101.193138,21.473996],[101.225167,21.499055],[101.210385,21.509077],[101.209153,21.55751],[101.146943,21.560293],[101.169117,21.590345],[101.153102,21.669343],[101.116762,21.691032],[101.111835,21.746074],[101.123537,21.771642],[101.089661,21.773865],[101.015132,21.707157],[100.870386,21.67268],[100.730568,21.518542],[100.691764,21.510748],[100.579047,21.451717],[100.526692,21.471211],[100.48296,21.458958],[100.437381,21.533017],[100.349302,21.528564],[100.298795,21.477894],[100.235353,21.466756],[100.206404,21.509634],[100.184846,21.516315],[100.168831,21.482906],[100.131259,21.504066],[100.123252,21.565302],[100.107853,21.585337],[100.169447,21.663225],[100.131875,21.699929],[100.094303,21.702709],[100.049339,21.669899],[99.991441,21.703821],[99.944014,21.821097],[100.000064,21.973245],[99.965571,22.014309],[99.972347,22.053141],[99.871333,22.067007],[99.870101,22.029288],[99.648979,22.100835],[99.516552,22.099726],[99.486987,22.128557],[99.400139,22.100281],[99.35456,22.095845],[99.294814,22.109152],[99.219669,22.110816],[99.156227,22.159599],[99.188256,22.162924],[99.175321,22.185647],[99.278183,22.34626],[99.251698,22.393301],[99.297277,22.41156],[99.382277,22.493418],[99.359487,22.535435],[99.385973,22.57136],[99.339777,22.708894],[99.31514,22.737598],[99.326842,22.751396],[99.385357,22.761882],[99.401371,22.826434],[99.462965,22.844635],[99.43648,22.913557],[99.446951,22.934503],[99.531334,22.897019],[99.563363,22.925684],[99.533798,22.961507],[99.517168,23.006685],[99.528255,23.065614],[99.3484,23.12892],[99.281879,23.101399],[99.255393,23.077727],[99.187024,23.100299],[99.106336,23.086536],[99.048438,23.11461],[99.057677,23.164689],[98.889525,23.209249],[98.928946,23.26589],[98.936953,23.309866],[98.906772,23.331849],[98.872895,23.329651],[98.920938,23.360971],[98.912315,23.426333],[98.874743,23.483431],[98.826084,23.470257],[98.80391,23.540504],[98.882134,23.620035],[98.847026,23.632097],[98.784816,23.781691],[98.696121,23.784429],[98.669019,23.800857],[98.701664,23.834254],[98.68565,23.90157],[98.701048,23.946427],[98.673331,23.960647],[98.701048,23.981427],[98.727533,23.970491],[98.895069,24.098936],[98.876591,24.15137],[98.593875,24.08036],[98.547063,24.128433],[98.091268,24.085824],[97.902175,24.014231],[97.896015,23.974319],[97.795617,23.951897],[97.718009,23.867643],[97.684132,23.876946],[97.647176,23.840823],[97.640401,23.866001],[97.618227,23.888438],[97.5283,23.926736],[97.754349,24.163929],[97.72848,24.183585],[97.729712,24.227252],[97.767284,24.258357],[97.721089,24.295999],[97.665038,24.296544],[97.662574,24.339083],[97.716161,24.358711],[97.679821,24.401228],[97.669966,24.452993],[97.588662,24.435559],[97.530147,24.443187],[97.554785,24.490577],[97.570799,24.602719],[97.569567,24.708236],[97.547394,24.739221],[97.680437,24.827243],[97.765436,24.823984],[97.797465,24.845709],[97.785762,24.876117],[97.729712,24.908689],[97.719857,25.080634],[97.743262,25.078466],[97.796233,25.155954],[97.839349,25.27074],[97.940363,25.214985],[98.0075,25.279399],[98.006884,25.298338],[98.06971,25.311864],[98.099891,25.354055],[98.101123,25.388662],[98.137464,25.381633],[98.15779,25.457307],[98.131304,25.51025],[98.163949,25.524292],[98.189818,25.569108],[98.170724,25.620383],[98.247717,25.607971],[98.314854,25.543193],[98.326557,25.566409],[98.402317,25.593939],[98.409709,25.664084],[98.457752,25.682963],[98.461448,25.735267],[98.476846,25.77731],[98.529201,25.840884],[98.553839,25.845731],[98.640686,25.798864],[98.677642,25.816105],[98.705976,25.855426],[98.686881,25.925955],[98.637606,25.971696],[98.614201,25.968468],[98.602498,26.054523],[98.575396,26.118485],[98.632679,26.145887],[98.656084,26.139977],[98.661012,26.087852],[98.720142,26.127082],[98.712751,26.156093],[98.735541,26.185097],[98.713367,26.231274],[98.672715,26.239863],[98.681338,26.308016],[98.733693,26.350926],[98.781736,26.620893],[98.730613,26.851253],[98.757098,26.877947],[98.732461,27.002257],[98.762642,27.018252],[98.765722,27.05077],[98.712751,27.075817],[98.713983,27.139744],[98.696121,27.211086],[98.723222,27.221198],[98.741084,27.330241],[98.686881,27.425367],[98.706591,27.553313],[98.662244,27.586734],[98.650541,27.567637],[98.583404,27.571351],[98.587099,27.587265],[98.554454,27.646126],[98.53536,27.620676],[98.474998,27.634462],[98.444201,27.665209],[98.430035,27.653547],[98.429419,27.549068],[98.388767,27.515104],[98.337644,27.508734],[98.317318,27.51935],[98.310542,27.583552],[98.283441,27.654608],[98.234166,27.690648],[98.215688,27.810874],[98.169492,27.851096],[98.205217,27.889716],[98.187355,27.939426],[98.143007,27.948942],[98.133152,27.990698],[98.160253,28.101089],[98.139311,28.142259],[98.17442,28.163365],[98.169492,28.206093],[98.21692,28.212949],[98.266811,28.242477],[98.208913,28.358401],[98.301303,28.384204],[98.37768,28.246167],[98.389383,28.114814],[98.428803,28.104785],[98.464527,28.151229],[98.494092,28.141203],[98.559382,28.182885],[98.625903,28.165475],[98.649925,28.200291],[98.712135,28.229296],[98.740468,28.348395],[98.693041,28.43158],[98.673947,28.478934],[98.625903,28.489455],[98.619128,28.50944],[98.637606,28.552029],[98.594491,28.667615],[98.666555,28.712239],[98.683802,28.740054],[98.624056,28.95864],[98.786048,28.998952],[98.852569,28.798283],[98.972677,28.832367],[98.973909,28.864867],[98.917859,28.886877],[98.925866,28.978536],[99.013329,29.036632],[98.991771,29.105677],[98.967134,29.128159],[98.960974,29.165792],[98.9813,29.204978],[99.024416,29.188783],[99.037351,29.20759],[99.113727,29.221171],[99.132206,28.94869],[99.123582,28.890021],[99.103872,28.841803],[99.126662,28.698066],[99.147604,28.640831],[99.183944,28.58882],[99.187024,28.44],[99.16485,28.425264],[99.28927,28.286227],[99.306516,28.227714],[99.374886,28.18183],[99.412458,28.295186],[99.392748,28.318369],[99.437095,28.398419],[99.404451,28.44421],[99.426625,28.454207],[99.396444,28.491032],[99.403219,28.546246],[99.463581,28.549401],[99.466045,28.579886],[99.504233,28.619294],[99.540573,28.623497],[99.53195,28.677591],[99.553508,28.710664],[99.614486,28.740054],[99.609559,28.784122],[99.625573,28.81454],[99.676696,28.810345],[99.717964,28.846521],[99.722275,28.757369],[99.755536,28.701216],[99.79434,28.699116],[99.834992,28.660788],[99.834376,28.628225],[99.873181,28.631902],[99.985281,28.529422],[99.990209,28.47683],[100.073977,28.426317],[100.057346,28.368934],[100.136803,28.349975],[100.176223,28.325218],[100.147274,28.288862],[100.188541,28.252493],[100.153433,28.208202],[100.033325,28.184467],[100.021006,28.147008],[100.05673,28.097922],[100.088759,28.029269],[100.120788,28.018703],[100.196549,27.936254],[100.170063,27.907699],[100.210715,27.87702],[100.30865,27.861149],[100.30865,27.830457],[100.28586,27.80611],[100.304954,27.788639],[100.311729,27.724028],[100.442924,27.86644],[100.54517,27.809286],[100.609228,27.859033],[100.634482,27.915631],[100.681293,27.923035],[100.719481,27.858503],[100.707162,27.800816],[100.757053,27.770107],[100.775532,27.743098],[100.782307,27.691708],[100.848212,27.672099],[100.827886,27.615904],[100.854988,27.623858],[100.91227,27.521473],[100.901183,27.453517],[100.936908,27.469448],[100.95169,27.426961],[101.021907,27.332899],[101.026219,27.270679],[101.042233,27.22173],[101.071798,27.194585],[101.167885,27.198311],[101.136472,27.023584],[101.264587,26.955323],[101.267667,26.903034],[101.311399,26.903034],[101.365602,26.883819],[101.399478,26.841642],[101.358826,26.771669],[101.387159,26.753501],[101.389623,26.723036],[101.435819,26.740675],[101.458608,26.731054],[101.445674,26.77434],[101.466,26.786629],[101.513427,26.768463],[101.453065,26.692563],[101.481398,26.673313],[101.461072,26.640687],[101.461688,26.606447],[101.402558,26.604841],[101.395783,26.591998],[101.422884,26.53151],[101.458608,26.49563],[101.506652,26.499915],[101.637847,26.388995],[101.635383,26.357361],[101.660636,26.346635],[101.586108,26.279579],[101.630455,26.224832],[101.690202,26.241473],[101.807846,26.156093],[101.796759,26.114723],[101.839875,26.082477],[101.835563,26.04592],[101.929186,26.105588],[102.107808,26.068501],[102.245163,26.212483],[102.570995,26.362723],[102.629509,26.336982],[102.638748,26.307479],[102.60056,26.250598],[102.659074,26.221611],[102.709581,26.210336],[102.739762,26.268846],[102.785342,26.298895],[102.833385,26.306406],[102.878964,26.364332],[102.893131,26.338591],[102.975667,26.340736],[102.989833,26.482775],[103.030485,26.485989],[103.052659,26.514374],[103.052659,26.555602],[102.966428,26.837904],[102.949181,26.843244],[102.896211,26.91264],[102.894979,27.001724],[102.870957,27.026782],[102.913457,27.133886],[102.883892,27.299401],[102.899906,27.317481],[102.941174,27.405711],[102.989833,27.367983],[103.141355,27.420586],[103.232514,27.56976],[103.2861,27.561802],[103.29226,27.632872],[103.487512,27.794992],[103.509686,27.843687],[103.502295,27.910343],[103.55465,27.978543],[103.515846,27.965329],[103.486281,28.033495],[103.459179,28.021345],[103.430846,28.044587],[103.573128,28.230877],[103.643961,28.260401],[103.692004,28.232459],[103.701859,28.198709],[103.877402,28.316262],[103.781931,28.525216],[103.802873,28.563068],[103.838598,28.587244],[103.833054,28.605109],[103.850917,28.66709],[103.953779,28.600906],[104.05972,28.6277],[104.09606,28.603533],[104.117618,28.634003],[104.170589,28.642932],[104.230951,28.635579],[104.252509,28.660788],[104.277147,28.631902],[104.314719,28.615617],[104.372617,28.649235],[104.425588,28.626649],[104.355987,28.555183],[104.323342,28.540989],[104.260516,28.536257],[104.267908,28.499448],[104.254357,28.403683],[104.282074,28.343128],[104.314103,28.306778],[104.343052,28.334173],[104.384936,28.329959],[104.392943,28.291497],[104.420045,28.269889],[104.44961,28.269889],[104.462544,28.241422],[104.442834,28.211366],[104.402182,28.202928],[104.448994,28.113758],[104.40095,28.091586],[104.373233,28.051454],[104.304248,28.050926],[104.508124,27.878078],[104.52537,27.889187],[104.573413,27.840512],[104.743413,27.901881],[104.888158,27.914574],[104.980549,28.063073],[105.002107,28.064129],[105.061853,28.096866],[105.119752,28.07205],[105.168411,28.071522],[105.186273,27.995454],[105.270657,27.99704],[105.284823,27.935725],[105.233084,27.895534],[105.25957,27.827811],[105.313157,27.810874],[105.273736,27.794992],[105.308229,27.704955]]]]}},{"type":"Feature","properties":{"adcode":540000,"name":"西藏自治区","center":[91.132212,29.660361],"centroid":[88.388277,31.56375],"childrenNum":7,"level":"province","parent":{"adcode":100000},"subFeatureIndex":25,"acroutes":[100000]},"geometry":{"type":"MultiPolygon","coordinates":[[[[89.711414,36.093272],[89.688624,36.091337],[89.605472,36.038123],[89.474893,36.022151],[89.417611,36.044897],[89.404676,36.016827],[89.434857,35.992136],[89.428082,35.917531],[89.550654,35.856924],[89.801957,35.848193],[89.726196,35.648082],[89.765616,35.599922],[89.75145,35.580942],[89.71203,35.581915],[89.699711,35.544916],[89.765,35.482563],[89.739131,35.468429],[89.685544,35.416259],[89.497067,35.361128],[89.516161,35.330862],[89.494603,35.298632],[89.531559,35.276161],[89.48598,35.256616],[89.450255,35.223867],[89.46935,35.214577],[89.519241,35.133862],[89.579603,35.118688],[89.593153,35.104491],[89.59069,35.057965],[89.560509,34.938836],[89.578987,34.895162],[89.78779,34.921664],[89.867862,34.81069],[89.825978,34.796931],[89.799493,34.743838],[89.732356,34.732035],[89.72558,34.660689],[89.74837,34.641981],[89.798877,34.628686],[89.777935,34.574499],[89.814891,34.548871],[89.823515,34.455657],[89.819819,34.420614],[89.799493,34.39642],[89.86663,34.324785],[89.825362,34.293642],[89.838297,34.263477],[89.816739,34.16945],[89.655979,34.097126],[89.656595,34.057966],[89.635037,34.049537],[89.795181,33.865374],[89.942391,33.801246],[89.902355,33.758467],[90.008296,33.687785],[89.984275,33.612061],[90.01076,33.553728],[90.083441,33.525295],[90.088984,33.478885],[90.107463,33.460913],[90.22018,33.437943],[90.246665,33.423959],[90.405577,33.260473],[90.490577,33.264977],[90.704308,33.135778],[90.88293,33.120241],[90.902024,33.083143],[90.927894,33.120241],[91.072024,33.113224],[91.147784,33.07211],[91.226624,33.141792],[91.436044,33.066092],[91.49579,33.109214],[91.535826,33.10019],[91.55492,33.060074],[91.583253,33.0375],[91.839484,32.948152],[91.955897,32.8205],[92.145606,32.885857],[92.205352,32.866255],[92.227526,32.821003],[92.193649,32.801889],[92.211511,32.788306],[92.198577,32.754591],[92.255243,32.720863],[92.355641,32.764657],[92.634662,32.720863],[92.667922,32.73194],[92.686401,32.76516],[92.866871,32.698203],[93.019624,32.737477],[93.023935,32.703239],[93.069515,32.626156],[93.176688,32.6705],[93.210565,32.655385],[93.239514,32.662439],[93.385492,32.525294],[93.411977,32.558086],[93.4631,32.556069],[93.516687,32.47583],[93.618933,32.522771],[93.651577,32.571705],[93.721795,32.578261],[93.75136,32.56313],[93.820345,32.549511],[93.851142,32.50965],[93.861613,32.466237],[93.90904,32.463207],[93.960163,32.484917],[94.137554,32.433915],[94.176974,32.454117],[94.196684,32.51621],[94.371611,32.524789],[94.395016,32.594397],[94.435052,32.562626],[94.463386,32.572209],[94.459074,32.599439],[94.522516,32.595909],[94.591501,32.640772],[94.614291,32.673522],[94.638312,32.645307],[94.737479,32.587338],[94.80708,32.486431],[94.852043,32.463712],[94.889616,32.472295],[94.912405,32.41573],[94.944434,32.404109],[94.988166,32.422802],[95.075013,32.376315],[95.218527,32.397035],[95.228382,32.363678],[95.261643,32.348006],[95.193274,32.332331],[95.096571,32.322217],[95.079325,32.279726],[95.10581,32.258979],[95.241317,32.3207],[95.270266,32.194683],[95.31523,32.148585],[95.406389,32.182021],[95.440265,32.157705],[95.454432,32.061898],[95.421171,32.033999],[95.454432,32.007613],[95.395918,32.001523],[95.360809,31.95939],[95.511714,31.750468],[95.634286,31.782523],[95.779648,31.748941],[95.823995,31.68225],[95.89914,31.81711],[95.983524,31.816601],[95.989067,31.78761],[96.064828,31.720438],[96.135661,31.70211],[96.148595,31.686324],[96.156603,31.602769],[96.207726,31.598691],[96.252073,31.697527],[96.222508,31.733164],[96.231131,31.749959],[96.178161,31.775401],[96.214501,31.876589],[96.188632,31.904028],[96.220044,31.905553],[96.253305,31.929936],[96.288414,31.919777],[96.389428,31.919777],[96.468884,31.769804],[96.519391,31.74945],[96.56805,31.711783],[96.615477,31.737236],[96.778701,31.675629],[96.790404,31.698545],[96.840295,31.720438],[96.799027,31.792188],[96.765767,31.819144],[96.760223,31.860325],[96.794716,31.869474],[96.81073,31.894375],[96.722651,32.013195],[96.824281,32.007613],[96.868629,31.964975],[96.863085,31.996448],[96.894498,32.013703],[96.941925,31.986297],[96.965947,32.008628],[96.935766,32.048203],[97.006599,32.067984],[97.169823,32.032984],[97.233881,32.063927],[97.201852,32.090296],[97.219714,32.109054],[97.258518,32.072041],[97.308409,32.076605],[97.293011,32.096887],[97.313953,32.130342],[97.271453,32.139971],[97.264062,32.182527],[97.299786,32.294904],[97.32196,32.303503],[97.371235,32.273148],[97.415583,32.296421],[97.424822,32.322723],[97.387865,32.427349],[97.341054,32.440987],[97.388481,32.501575],[97.334895,32.514192],[97.332431,32.542448],[97.3583,32.563635],[97.374315,32.546484],[97.411887,32.575235],[97.448843,32.586833],[97.463626,32.55506],[97.50243,32.530844],[97.795617,32.521257],[97.940363,32.482393],[98.218768,32.342444],[98.218768,32.234683],[98.434962,32.007613],[98.432498,31.922825],[98.399238,31.895899],[98.426339,31.856767],[98.414636,31.832365],[98.545831,31.717383],[98.553839,31.660349],[98.619128,31.591555],[98.887062,31.37465],[98.773113,31.249382],[98.691809,31.333253],[98.643766,31.338876],[98.602498,31.192062],[98.675179,31.15417],[98.806374,30.995783],[98.797135,30.948575],[98.774345,30.908019],[98.797135,30.87926],[98.957895,30.765166],[98.963438,30.728134],[98.907388,30.698292],[98.965286,30.449937],[98.9813,30.182843],[98.989308,30.151799],[99.044742,30.079842],[99.068148,29.931621],[98.992387,29.677163],[99.014561,29.607464],[99.052133,29.563748],[99.075539,29.316186],[99.114343,29.243628],[99.113727,29.221171],[99.037351,29.20759],[99.024416,29.188783],[98.9813,29.204978],[98.960974,29.165792],[99.013329,29.036632],[98.925866,28.978536],[98.917859,28.886877],[98.973909,28.864867],[98.972677,28.832367],[98.852569,28.798283],[98.786048,28.998952],[98.624056,28.95864],[98.683802,28.740054],[98.666555,28.712239],[98.594491,28.667615],[98.637606,28.552029],[98.619128,28.50944],[98.625903,28.489455],[98.673947,28.478934],[98.693041,28.43158],[98.740468,28.348395],[98.712135,28.229296],[98.649925,28.200291],[98.625903,28.165475],[98.559382,28.182885],[98.494092,28.141203],[98.464527,28.151229],[98.428803,28.104785],[98.389383,28.114814],[98.37768,28.246167],[98.301303,28.384204],[98.208913,28.358401],[98.266811,28.242477],[98.21692,28.212949],[98.169492,28.206093],[98.17442,28.163365],[98.139311,28.142259],[98.097427,28.166531],[98.090036,28.195544],[98.056775,28.202401],[98.03337,28.187105],[98.008116,28.214003],[98.020435,28.253548],[97.907718,28.363141],[97.801161,28.326798],[97.68598,28.519958],[97.569567,28.541515],[97.521524,28.495766],[97.485184,28.38631],[97.488879,28.347341],[97.518445,28.327852],[97.469169,28.30309],[97.461162,28.26778],[97.422358,28.297293],[97.402032,28.279903],[97.398336,28.238786],[97.349677,28.235623],[97.362612,28.199236],[97.352757,28.149646],[97.305945,28.071522],[97.320728,28.054095],[97.375547,28.062545],[97.378626,28.031382],[97.413119,28.01342],[97.379242,27.970087],[97.372467,27.907699],[97.386634,27.882839],[97.324424,27.880723],[97.303482,27.913516],[97.253591,27.891832],[97.167975,27.811932],[97.103301,27.780697],[97.097758,27.740979],[97.062649,27.742568],[97.049099,27.81405],[97.008447,27.807698],[96.972722,27.861149],[96.810114,27.890245],[96.538485,28.075218],[96.499681,28.067297],[96.46334,28.143314],[96.426384,28.161782],[96.395587,28.143842],[96.398667,28.118509],[96.367254,28.118509],[96.298269,28.140148],[96.275479,28.228241],[95.989067,28.198181],[95.936096,28.240368],[95.907763,28.241422],[95.899756,28.278322],[95.874502,28.29782],[95.832003,28.295186],[95.39715,28.142259],[95.28628,27.939955],[94.88592,27.743098],[94.524979,27.596282],[94.277372,27.58143],[93.849294,27.168499],[93.841903,27.045973],[93.817265,27.025183],[93.56781,26.938252],[93.232739,26.906769],[93.111399,26.880082],[93.050421,26.883819],[92.909371,26.914241],[92.802813,26.895028],[92.682089,26.947855],[92.64698,26.952656],[92.109265,26.854991],[92.124664,26.960124],[92.02673,27.108318],[92.071077,27.237694],[92.091403,27.264296],[92.125896,27.273339],[92.064918,27.391365],[92.021802,27.444489],[92.010715,27.474758],[91.71876,27.467324],[91.585101,27.540578],[91.562311,27.627569],[91.642383,27.7664],[91.610355,27.819343],[91.544449,27.820401],[91.561079,27.855329],[91.618978,27.856916],[91.611586,27.891303],[91.552456,27.90717],[91.486551,27.937311],[91.490246,27.971672],[91.464993,28.002852],[91.309776,28.057791],[91.251878,27.970615],[91.216153,27.989113],[91.162567,27.968501],[91.147784,27.927794],[91.155175,27.894476],[91.113292,27.846333],[91.025828,27.857445],[90.96485,27.900294],[90.976553,27.935725],[90.96177,27.9537],[90.896481,27.946299],[90.802242,28.040362],[90.741264,28.053038],[90.701844,28.076274],[90.591591,28.021345],[90.569417,28.044059],[90.513983,28.062016],[90.384019,28.06096],[90.367389,28.088946],[90.297172,28.153868],[90.231882,28.144897],[90.124709,28.190797],[90.103151,28.141731],[90.07297,28.155451],[90.03355,28.136981],[90.017536,28.162837],[89.976268,28.189215],[89.901739,28.18183],[89.869094,28.221386],[89.789638,28.240895],[89.779167,28.197127],[89.720037,28.170224],[89.605472,28.161782],[89.541414,28.088418],[89.511233,28.086307],[89.375727,27.875962],[89.295655,27.84845],[89.238988,27.796581],[89.184786,27.673689],[89.131815,27.633402],[89.128735,27.611131],[89.163228,27.574534],[89.109025,27.537925],[89.095474,27.471572],[89.132431,27.441302],[89.182938,27.373829],[89.152757,27.319076],[89.077612,27.287168],[89.067757,27.240354],[88.984605,27.208957],[88.942105,27.261636],[88.911924,27.272807],[88.920548,27.325456],[88.809063,27.405711],[88.783193,27.467324],[88.797976,27.521473],[88.770874,27.563924],[88.852178,27.671039],[88.888519,27.846863],[88.842939,28.006023],[88.812142,28.018175],[88.764099,28.068353],[88.67602,28.068353],[88.645223,28.111119],[88.620585,28.091586],[88.565151,28.083139],[88.554064,28.027684],[88.498013,28.04089],[88.401311,27.976958],[88.357579,27.986471],[88.254101,27.939426],[88.242398,27.967444],[88.203594,27.943127],[88.156783,27.957929],[88.111819,27.864852],[88.090877,27.885484],[88.037291,27.901881],[87.982472,27.884426],[87.930733,27.909285],[87.826639,27.927794],[87.727473,27.802933],[87.668343,27.809815],[87.670191,27.832045],[87.598126,27.814579],[87.58088,27.859562],[87.45954,27.820931],[87.418272,27.825694],[87.421967,27.856916],[87.364069,27.824106],[87.317258,27.826753],[87.280917,27.845275],[87.249504,27.839454],[87.227946,27.812991],[87.173744,27.818284],[87.118309,27.840512],[87.080737,27.910872],[87.035157,27.946299],[86.935375,27.955286],[86.864542,28.022401],[86.827586,28.012363],[86.756753,28.032967],[86.768456,28.06941],[86.74813,28.089474],[86.700086,28.101617],[86.662514,28.092114],[86.647732,28.06941],[86.568891,28.103201],[86.514689,27.954757],[86.414906,27.904526],[86.231972,27.974315],[86.19132,28.167058],[86.140198,28.114814],[86.128495,28.086835],[86.086611,28.090002],[86.082915,28.018175],[86.125415,27.923035],[86.053966,27.900823],[86.002227,27.90717],[85.949256,27.937311],[85.980053,27.984357],[85.901213,28.053566],[85.854402,28.172334],[85.791576,28.195544],[85.753388,28.227714],[85.720743,28.372093],[85.682555,28.375779],[85.650526,28.283592],[85.601251,28.254075],[85.602483,28.295712],[85.520563,28.326798],[85.458969,28.332593],[85.415853,28.321003],[85.379512,28.274105],[85.113427,28.344708],[85.129441,28.377885],[85.108499,28.461047],[85.160238,28.49261],[85.189803,28.544669],[85.18426,28.587244],[85.195963,28.624022],[85.155926,28.643983],[85.126361,28.676016],[85.05676,28.674441],[84.995782,28.611414],[84.981616,28.586193],[84.896616,28.587244],[84.857196,28.567798],[84.773428,28.610363],[84.698284,28.633478],[84.699515,28.671816],[84.620059,28.732182],[84.557233,28.74635],[84.483321,28.735331],[84.408176,28.85386],[84.234481,28.889497],[84.228322,28.949738],[84.248648,29.030353],[84.224626,29.049189],[84.194445,29.045004],[84.192597,29.084236],[84.20738,29.118749],[84.176583,29.133909],[84.17104,29.19453],[84.197525,29.210202],[84.203068,29.239972],[84.130388,29.239972],[84.116837,29.286438],[83.911729,29.323491],[83.851367,29.294789],[83.82057,29.294267],[83.800244,29.249372],[83.727563,29.244672],[83.667201,29.200277],[83.656114,29.16736],[83.596368,29.174153],[83.463941,29.285916],[83.415898,29.420496],[83.383253,29.42206],[83.325355,29.502826],[83.27608,29.505951],[83.266841,29.571035],[83.12887,29.623593],[83.088834,29.604863],[83.011226,29.667804],[82.966878,29.658963],[82.9484,29.704718],[82.885574,29.689122],[82.830756,29.687562],[82.757459,29.761881],[82.691553,29.766037],[82.737749,29.80655],[82.703872,29.847566],[82.6238,29.834588],[82.64351,29.868846],[82.609017,29.886489],[82.560974,29.955476],[82.498148,29.947698],[82.333693,30.045138],[82.17786,30.06793],[82.183403,30.12178],[82.207425,30.143519],[82.114418,30.226806],[82.11873,30.279019],[82.132896,30.30434],[82.104563,30.346182],[81.99123,30.322939],[81.63029,30.446842],[81.613044,30.412784],[81.566232,30.428782],[81.555761,30.369421],[81.418407,30.420525],[81.406704,30.40401],[81.432573,30.379231],[81.406088,30.369421],[81.399929,30.319323],[81.427646,30.305373],[81.393769,30.199396],[81.335871,30.149729],[81.269349,30.153351],[81.293371,30.094859],[81.256415,30.011978],[81.225618,30.005759],[81.131995,30.016124],[81.034677,30.246971],[80.81725,30.321389],[80.633084,30.458707],[80.585041,30.463866],[80.549316,30.448905],[80.43044,30.515952],[80.357759,30.520592],[80.322035,30.564403],[80.261673,30.566465],[80.214245,30.586044],[80.143412,30.55822],[80.04363,30.603559],[80.014065,30.661748],[79.970333,30.685941],[79.955551,30.738422],[79.961094,30.771337],[79.900732,30.7991],[79.913051,30.833022],[79.890877,30.855116],[79.835443,30.851006],[79.75845,30.936769],[79.729501,30.941389],[79.668523,30.980392],[79.660516,30.956787],[79.59769,30.925989],[79.550879,30.957813],[79.505915,31.027584],[79.427075,31.018353],[79.424611,31.061425],[79.404901,31.071678],[79.35809,31.031174],[79.316206,31.01784],[79.33222,30.969103],[79.227511,30.949088],[79.205953,31.0004],[79.181931,31.015788],[79.096931,30.992192],[79.059359,31.028097],[79.010084,31.043994],[78.97436,31.115751],[78.997765,31.158779],[78.865338,31.312804],[78.859179,31.289281],[78.795121,31.301043],[78.755085,31.355742],[78.760013,31.392531],[78.792041,31.435944],[78.755701,31.478316],[78.729832,31.478316],[78.740303,31.532912],[78.845628,31.609905],[78.806824,31.64099],[78.798817,31.675629],[78.763092,31.668499],[78.706426,31.778453],[78.654687,31.819144],[78.665158,31.851684],[78.739687,31.885228],[78.768636,31.92638],[78.762476,31.947203],[78.705194,31.988835],[78.60726,32.023851],[78.509941,32.147065],[78.469905,32.127808],[78.429869,32.194683],[78.430485,32.212407],[78.475449,32.236708],[78.508709,32.297939],[78.458818,32.379853],[78.472985,32.435431],[78.426174,32.502584],[78.395377,32.530339],[78.741534,32.703743],[78.74215,32.654881],[78.781571,32.608009],[78.760629,32.563635],[78.782186,32.480373],[78.970664,32.331826],[79.005772,32.375304],[79.067982,32.380863],[79.103091,32.369744],[79.124649,32.416235],[79.135736,32.472295],[79.252148,32.516715],[79.272474,32.561113],[79.308199,32.596918],[79.299575,32.637244],[79.27309,32.678056],[79.301423,32.728919],[79.275554,32.778746],[79.225047,32.784281],[79.255844,32.942628],[79.204721,32.964724],[79.162837,33.01191],[79.152366,33.184375],[79.10925,33.200401],[79.072294,33.22844],[79.022403,33.323504],[78.84994,33.419963],[78.816679,33.480882],[78.74215,33.55323],[78.755085,33.623025],[78.713201,33.623025],[78.684868,33.654415],[78.692259,33.676331],[78.779723,33.73259],[78.744614,33.980585],[78.736607,33.999937],[78.656535,34.030196],[78.661462,34.086718],[78.9257,34.155584],[78.981751,34.31836],[79.019939,34.313417],[79.039649,34.33467],[79.048888,34.348506],[79.0107,34.399877],[79.039033,34.421601],[79.072294,34.412714],[79.161605,34.441345],[79.179467,34.422588],[79.241677,34.415183],[79.545335,34.476381],[79.58106,34.456151],[79.675914,34.451216],[79.699936,34.477861],[79.735661,34.471447],[79.801566,34.478847],[79.861312,34.528166],[79.84345,34.55725],[79.88595,34.642965],[79.866856,34.671517],[79.906892,34.683821],[79.898268,34.732035],[79.947544,34.821008],[79.926602,34.849499],[79.961094,34.862759],[79.996819,34.856375],[80.003594,34.895162],[80.034391,34.902033],[80.031311,35.034447],[80.23026,35.147565],[80.223484,35.177409],[80.257977,35.203331],[80.362687,35.20871],[80.267832,35.295701],[80.286926,35.35283],[80.321419,35.38699],[80.375006,35.387966],[80.432904,35.449418],[80.444607,35.417235],[80.514824,35.391869],[80.65649,35.393821],[80.690982,35.364544],[80.689135,35.339162],[80.759968,35.334768],[80.844351,35.345508],[80.963844,35.310842],[81.026053,35.31133],[81.002648,35.334768],[81.030981,35.337209],[81.031597,35.380648],[81.054387,35.402602],[81.09935,35.40748],[81.103662,35.386015],[81.142466,35.365032],[81.191741,35.36552],[81.219458,35.319144],[81.363588,35.354783],[81.385762,35.335256],[81.441196,35.333303],[81.513261,35.23511],[81.68634,35.235599],[81.927789,35.271275],[81.955506,35.307423],[81.99123,35.30547],[82.030034,35.321585],[82.05344,35.35039],[82.029419,35.426013],[82.034346,35.451855],[82.328149,35.559523],[82.350323,35.611113],[82.336156,35.651486],[82.392823,35.656349],[82.424852,35.712736],[82.468583,35.717595],[82.628727,35.692324],[82.652133,35.67288],[82.731589,35.637868],[82.780249,35.666073],[82.795031,35.688436],[82.967494,35.667532],[82.998907,35.484512],[83.067892,35.46258],[83.088834,35.425526],[83.127022,35.398699],[83.178145,35.38943],[83.251442,35.417722],[83.622238,35.335256],[83.885244,35.367472],[83.906186,35.40309],[84.005968,35.422599],[84.077417,35.400163],[84.095895,35.362592],[84.140859,35.379184],[84.160569,35.359663],[84.45314,35.473303],[84.475929,35.516181],[84.448828,35.550272],[84.729081,35.613546],[85.053065,35.752086],[85.146071,35.742371],[85.271107,35.788989],[85.341324,35.753543],[85.373969,35.700101],[85.518715,35.680658],[85.566142,35.6403],[85.612953,35.651486],[85.65299,35.731199],[85.691178,35.751114],[85.949256,35.778794],[86.035488,35.846738],[86.05335,35.842857],[86.199944,36.047801],[86.182081,36.064734],[86.187625,36.130983],[86.248603,36.141616],[86.2794,36.170608],[86.69947,36.24449],[86.746282,36.291777],[86.836209,36.291294],[86.86331,36.299977],[86.887332,36.262829],[86.996353,36.308658],[87.149106,36.297565],[87.161425,36.325535],[87.193454,36.349158],[87.292004,36.358797],[87.348055,36.393008],[87.363453,36.420463],[87.386859,36.412757],[87.426895,36.42576],[87.460155,36.409868],[87.470626,36.354459],[87.570409,36.342409],[87.919646,36.39349],[87.95845,36.408423],[87.983088,36.437797],[88.134609,36.427205],[88.241782,36.468605],[88.470912,36.48208],[88.498629,36.446463],[88.573158,36.461386],[88.618121,36.428168],[88.623665,36.389636],[88.690186,36.367954],[88.766563,36.292259],[88.783809,36.291777],[88.802903,36.33807],[88.926091,36.36458],[88.964279,36.318785],[89.126887,36.254626],[89.198952,36.260417],[89.232213,36.295636],[89.292575,36.231457],[89.335075,36.23725],[89.375727,36.228078],[89.490291,36.151281],[89.711414,36.093272]]]]}},{"type":"Feature","properties":{"adcode":610000,"name":"陕西省","center":[108.948024,34.263161],"centroid":[108.887114,35.263661],"childrenNum":10,"level":"province","parent":{"adcode":100000},"subFeatureIndex":26,"acroutes":[100000]},"geometry":{"type":"MultiPolygon","coordinates":[[[[110.379257,34.600612],[110.366939,34.566614],[110.404511,34.557743],[110.372482,34.544435],[110.360779,34.516825],[110.503677,34.33714],[110.451938,34.292653],[110.428533,34.288203],[110.43962,34.243196],[110.642264,34.161032],[110.61393,34.113478],[110.591757,34.101586],[110.587445,34.023252],[110.620706,34.035652],[110.671213,33.966192],[110.665669,33.937895],[110.587445,33.887733],[110.612083,33.852453],[110.782082,33.796272],[110.823966,33.685793],[111.00382,33.578662],[111.02661,33.467903],[110.996429,33.435946],[111.025994,33.375495],[111.025994,33.330504],[110.9219,33.203907],[110.865234,33.213921],[110.828893,33.201403],[110.824582,33.158327],[110.753133,33.15031],[110.702626,33.097182],[110.650887,33.157324],[110.623785,33.143796],[110.59422,33.168346],[110.57759,33.250464],[110.54125,33.255469],[110.471032,33.171352],[110.372482,33.186379],[110.33799,33.160331],[110.285635,33.171352],[110.218497,33.163336],[110.164911,33.209415],[110.031252,33.191888],[109.852013,33.247961],[109.813209,33.236449],[109.732521,33.231443],[109.619804,33.275484],[109.60687,33.235949],[109.514479,33.237951],[109.498464,33.207412],[109.438718,33.152314],[109.576073,33.110216],[109.688174,33.116733],[109.704188,33.101694],[109.794731,33.067095],[109.785492,32.987316],[109.76455,32.909474],[109.789804,32.882339],[109.907448,32.903947],[110.105164,32.832569],[110.159367,32.767173],[110.156903,32.683093],[110.206179,32.633212],[110.153824,32.593388],[110.124259,32.616579],[110.090382,32.617083],[110.084223,32.580782],[110.017701,32.546989],[109.97089,32.577756],[109.910528,32.592884],[109.631507,32.599943],[109.619804,32.56767],[109.637051,32.540935],[109.575457,32.506622],[109.502776,32.38895],[109.513247,32.342444],[109.495385,32.300468],[109.528645,32.270112],[109.550203,32.225065],[109.592703,32.219495],[109.621652,32.106519],[109.590855,32.047696],[109.590855,32.012688],[109.631507,31.962436],[109.62042,31.928412],[109.584696,31.900472],[109.633971,31.804396],[109.592087,31.789136],[109.585928,31.726546],[109.281654,31.716874],[109.282885,31.743343],[109.253936,31.759628],[109.279806,31.776418],[109.27611,31.79931],[109.195422,31.817618],[109.191111,31.85575],[109.123357,31.892851],[109.085785,31.929428],[108.986619,31.980205],[108.902235,31.984774],[108.734084,32.106519],[108.676801,32.10297],[108.509882,32.201266],[108.507418,32.245819],[108.469846,32.270618],[108.310933,32.232152],[108.240716,32.274666],[108.179738,32.221521],[108.018362,32.2119],[108.024521,32.177462],[107.979558,32.146051],[107.924739,32.197215],[107.890247,32.214432],[107.864377,32.201266],[107.812022,32.247844],[107.753508,32.338399],[107.707929,32.331826],[107.680827,32.397035],[107.648183,32.413709],[107.598291,32.411688],[107.527458,32.38238],[107.489886,32.425328],[107.456625,32.41775],[107.436299,32.529835],[107.382097,32.54043],[107.263836,32.403099],[107.080286,32.542448],[107.108004,32.600951],[107.066736,32.708779],[106.82344,32.705254],[106.733513,32.739491],[106.670071,32.694678],[106.626955,32.682086],[106.451412,32.65992],[106.421231,32.616579],[106.389203,32.62666],[106.347935,32.671003],[106.120037,32.719856],[106.071378,32.758114],[106.093552,32.82402],[106.071378,32.828546],[106.044277,32.864747],[106.011632,32.829552],[105.969132,32.849162],[105.825002,32.824523],[105.822538,32.770192],[105.719061,32.759624],[105.677793,32.726402],[105.596489,32.69921],[105.495475,32.873292],[105.49917,32.911986],[105.528119,32.919019],[105.638373,32.879323],[105.82685,32.950663],[105.861959,32.939112],[105.917393,32.993841],[105.934639,33.112221],[105.923552,33.147805],[105.897067,33.146803],[105.93156,33.178365],[105.968516,33.154318],[105.965436,33.204407],[105.799133,33.258471],[105.709822,33.382991],[105.827466,33.379993],[105.842248,33.489866],[105.971596,33.613058],[106.047356,33.610067],[106.086776,33.617045],[106.117573,33.602591],[106.108334,33.569686],[106.187174,33.546746],[106.237681,33.564201],[106.303587,33.604585],[106.35163,33.587137],[106.384891,33.612061],[106.447101,33.613058],[106.456956,33.532779],[106.540108,33.512822],[106.58076,33.576169],[106.575832,33.631497],[106.534564,33.695254],[106.482825,33.707203],[106.475434,33.875809],[106.428007,33.866368],[106.41076,33.909093],[106.474202,33.970659],[106.501919,34.105055],[106.560434,34.109514],[106.585071,34.149641],[106.55797,34.229837],[106.5321,34.254079],[106.496376,34.238248],[106.526557,34.292159],[106.652825,34.24369],[106.68239,34.256057],[106.705179,34.299575],[106.691013,34.337635],[106.717498,34.369255],[106.638042,34.391481],[106.610941,34.454177],[106.514238,34.511894],[106.455108,34.531617],[106.334384,34.517811],[106.341159,34.568093],[106.314058,34.578934],[106.419384,34.643458],[106.471122,34.634102],[106.442173,34.675455],[106.456956,34.703996],[106.575216,34.769897],[106.484673,34.983959],[106.541956,35.083925],[106.901664,35.094698],[106.950323,35.066782],[106.990975,35.068252],[107.012533,35.029547],[107.08275,35.024156],[107.089526,34.976604],[107.119707,34.950119],[107.252749,34.880925],[107.286626,34.931968],[107.523763,34.909886],[107.564415,34.968757],[107.619849,34.964834],[107.638943,34.935402],[107.863145,34.999158],[107.769523,35.064333],[107.652494,35.244886],[107.667277,35.257104],[107.737494,35.267366],[107.745501,35.311819],[107.841587,35.276649],[107.867457,35.256127],[107.960464,35.263457],[107.949993,35.245375],[108.174811,35.304981],[108.221622,35.296678],[108.239484,35.256127],[108.296767,35.267855],[108.345426,35.300586],[108.36144,35.279581],[108.48894,35.275184],[108.614591,35.328909],[108.625678,35.537124],[108.618287,35.557088],[108.539447,35.605761],[108.527744,35.82442],[108.499411,35.872444],[108.593649,35.950967],[108.652164,35.94806],[108.659555,35.990683],[108.688504,36.021183],[108.682345,36.062316],[108.712526,36.138716],[108.646004,36.254143],[108.641693,36.359279],[108.651548,36.384818],[108.618903,36.433946],[108.562852,36.43876],[108.510498,36.47438],[108.514809,36.445501],[108.495099,36.422389],[108.460606,36.422871],[108.340498,36.559032],[108.262274,36.549417],[108.245644,36.571048],[108.210535,36.577296],[108.222854,36.631105],[108.1976,36.630144],[108.163724,36.563839],[108.092891,36.587388],[108.079956,36.614294],[108.060862,36.592194],[108.001732,36.639269],[108.02329,36.647912],[108.006659,36.683435],[107.938906,36.655594],[107.907493,36.750118],[107.670356,36.83303],[107.540393,36.828718],[107.533618,36.867031],[107.478183,36.908196],[107.310032,36.912502],[107.268764,37.099367],[107.281083,37.127047],[107.306952,37.100799],[107.334669,37.138975],[107.336517,37.165687],[107.317423,37.200017],[107.270612,37.229089],[107.309416,37.239095],[107.273075,37.29101],[107.257677,37.337179],[107.282931,37.437036],[107.284162,37.481691],[107.345756,37.518725],[107.369162,37.58752],[107.330358,37.584201],[107.311264,37.609806],[107.361155,37.613125],[107.422133,37.665254],[107.389488,37.671413],[107.387024,37.691305],[107.425828,37.684201],[107.484959,37.706458],[107.499125,37.765619],[107.620465,37.776026],[107.684523,37.888522],[107.732566,37.84931],[107.982022,37.787378],[108.025137,37.649619],[108.055318,37.652462],[108.134159,37.622131],[108.24626,37.665728],[108.293071,37.656726],[108.301078,37.640616],[108.532671,37.690832],[108.628142,37.651988],[108.777815,37.683728],[108.82709,37.989056],[108.797525,38.04799],[108.830786,38.049875],[108.883141,38.01405],[108.893612,37.978207],[108.93488,37.922521],[109.06977,38.023008],[109.050676,38.055059],[109.069155,38.091336],[108.964445,38.154894],[108.938575,38.207582],[109.054372,38.433892],[109.276726,38.623035],[109.331545,38.597783],[109.367269,38.627711],[109.329081,38.66043],[109.338936,38.701542],[109.404226,38.720689],[109.444262,38.782763],[109.511399,38.833595],[109.549587,38.805618],[109.624116,38.85457],[109.672159,38.928167],[109.685094,38.968195],[109.665384,38.981687],[109.72513,39.018429],[109.762086,39.057476],[109.793499,39.074204],[109.851397,39.122971],[109.890818,39.103932],[109.92223,39.107183],[109.893897,39.141075],[109.961035,39.191651],[109.871723,39.243581],[109.90252,39.271848],[109.962267,39.212056],[110.217881,39.281113],[110.136577,39.39174],[110.12549,39.432891],[110.152592,39.45415],[110.243751,39.423645],[110.257917,39.407001],[110.385417,39.310291],[110.429764,39.341308],[110.434692,39.381101],[110.482735,39.360745],[110.524003,39.382952],[110.596684,39.282966],[110.626249,39.266751],[110.702626,39.273701],[110.869545,39.494341],[111.136863,39.587106],[111.154725,39.569116],[111.148566,39.531277],[111.058639,39.447681],[111.064182,39.400989],[111.247732,39.302419],[111.138095,39.064447],[110.980414,38.970056],[111.009979,38.932823],[111.009363,38.847579],[110.880632,38.626776],[110.898494,38.587024],[110.920052,38.581878],[110.907733,38.521035],[110.870777,38.510265],[110.874473,38.453579],[110.77777,38.440924],[110.746973,38.366355],[110.701394,38.353215],[110.661358,38.308617],[110.601612,38.308147],[110.57759,38.297345],[110.565887,38.215105],[110.528315,38.211814],[110.509221,38.192061],[110.522771,37.955088],[110.59422,37.922049],[110.680452,37.790216],[110.735886,37.77035],[110.750669,37.736281],[110.716792,37.728708],[110.706321,37.705511],[110.775306,37.680886],[110.795017,37.558586],[110.740198,37.44939],[110.644111,37.435135],[110.630561,37.372858],[110.641648,37.360015],[110.695234,37.34955],[110.678604,37.317668],[110.690307,37.287201],[110.426685,37.008621],[110.382953,37.022001],[110.381721,37.002408],[110.424221,36.963685],[110.408823,36.892403],[110.376178,36.882351],[110.424221,36.855539],[110.407591,36.776007],[110.447011,36.737649],[110.438388,36.685835],[110.402663,36.697352],[110.394656,36.676716],[110.496902,36.582102],[110.447011,36.164328],[110.516612,35.971796],[110.511684,35.879718],[110.549257,35.877778],[110.609619,35.632031],[110.45009,35.327933],[110.374946,35.251728],[110.373714,35.134351],[110.230816,34.880925],[110.229584,34.692679],[110.269004,34.629671],[110.29549,34.610956],[110.379257,34.600612]]]]}},{"type":"Feature","properties":{"adcode":620000,"name":"甘肃省","center":[103.823557,36.058039],"childrenNum":14,"level":"province","parent":{"adcode":100000},"subFeatureIndex":27,"acroutes":[100000]},"geometry":{"type":"MultiPolygon","coordinates":[[[[106.506231,35.737514],[106.620796,35.743829],[106.633115,35.714679],[106.66268,35.70739],[106.674998,35.728284],[106.750759,35.689408],[106.750759,35.725369],[106.806193,35.70982],[106.819128,35.7448],[106.867171,35.738485],[106.868403,35.771996],[106.897353,35.759856],[106.927534,35.810346],[106.849925,35.887476],[106.912751,35.93207],[106.940468,35.931101],[106.93862,35.952905],[106.90228,35.943699],[106.94786,35.988262],[106.928149,36.011502],[106.940468,36.064734],[106.957715,36.091337],[106.833295,36.229044],[106.808657,36.21118],[106.772933,36.212628],[106.685469,36.273445],[106.647897,36.259451],[106.559202,36.292259],[106.54134,36.25366],[106.504383,36.266207],[106.470507,36.306246],[106.497608,36.31348],[106.510543,36.379037],[106.492064,36.422389],[106.523477,36.468605],[106.37134,36.549417],[106.363949,36.577296],[106.444637,36.557109],[106.465579,36.583063],[106.444637,36.624861],[106.491448,36.628703],[106.490833,36.685835],[106.530869,36.690154],[106.514238,36.715584],[106.59431,36.750118],[106.644817,36.72278],[106.627571,36.752995],[106.657752,36.820575],[106.540108,36.984244],[106.595542,36.94025],[106.594926,36.967988],[106.64297,36.962729],[106.646665,37.000496],[106.666991,37.016745],[106.645433,37.064992],[106.605397,37.127524],[106.750143,37.09889],[106.772933,37.120367],[106.776012,37.158056],[106.818512,37.141838],[106.891193,37.098413],[106.912135,37.110345],[106.905976,37.151378],[106.998367,37.106527],[107.031011,37.108436],[107.030395,37.140883],[107.095685,37.115595],[107.133873,37.134681],[107.181916,37.143269],[107.234887,37.096503],[107.268764,37.099367],[107.310032,36.912502],[107.478183,36.908196],[107.533618,36.867031],[107.540393,36.828718],[107.670356,36.83303],[107.907493,36.750118],[107.938906,36.655594],[108.006659,36.683435],[108.02329,36.647912],[108.001732,36.639269],[108.060862,36.592194],[108.079956,36.614294],[108.092891,36.587388],[108.163724,36.563839],[108.1976,36.630144],[108.222854,36.631105],[108.210535,36.577296],[108.245644,36.571048],[108.262274,36.549417],[108.340498,36.559032],[108.460606,36.422871],[108.495099,36.422389],[108.514809,36.445501],[108.510498,36.47438],[108.562852,36.43876],[108.618903,36.433946],[108.651548,36.384818],[108.641693,36.359279],[108.646004,36.254143],[108.712526,36.138716],[108.682345,36.062316],[108.688504,36.021183],[108.659555,35.990683],[108.652164,35.94806],[108.593649,35.950967],[108.499411,35.872444],[108.527744,35.82442],[108.539447,35.605761],[108.618287,35.557088],[108.625678,35.537124],[108.614591,35.328909],[108.48894,35.275184],[108.36144,35.279581],[108.345426,35.300586],[108.296767,35.267855],[108.239484,35.256127],[108.221622,35.296678],[108.174811,35.304981],[107.949993,35.245375],[107.960464,35.263457],[107.867457,35.256127],[107.841587,35.276649],[107.745501,35.311819],[107.737494,35.267366],[107.667277,35.257104],[107.652494,35.244886],[107.769523,35.064333],[107.863145,34.999158],[107.638943,34.935402],[107.619849,34.964834],[107.564415,34.968757],[107.523763,34.909886],[107.286626,34.931968],[107.252749,34.880925],[107.119707,34.950119],[107.089526,34.976604],[107.08275,35.024156],[107.012533,35.029547],[106.990975,35.068252],[106.950323,35.066782],[106.901664,35.094698],[106.541956,35.083925],[106.484673,34.983959],[106.575216,34.769897],[106.456956,34.703996],[106.442173,34.675455],[106.471122,34.634102],[106.419384,34.643458],[106.314058,34.578934],[106.341159,34.568093],[106.334384,34.517811],[106.455108,34.531617],[106.514238,34.511894],[106.610941,34.454177],[106.638042,34.391481],[106.717498,34.369255],[106.691013,34.337635],[106.705179,34.299575],[106.68239,34.256057],[106.652825,34.24369],[106.526557,34.292159],[106.496376,34.238248],[106.5321,34.254079],[106.55797,34.229837],[106.585071,34.149641],[106.560434,34.109514],[106.501919,34.105055],[106.474202,33.970659],[106.41076,33.909093],[106.428007,33.866368],[106.475434,33.875809],[106.482825,33.707203],[106.534564,33.695254],[106.575832,33.631497],[106.58076,33.576169],[106.540108,33.512822],[106.456956,33.532779],[106.447101,33.613058],[106.384891,33.612061],[106.35163,33.587137],[106.303587,33.604585],[106.237681,33.564201],[106.187174,33.546746],[106.108334,33.569686],[106.117573,33.602591],[106.086776,33.617045],[106.047356,33.610067],[105.971596,33.613058],[105.940183,33.570684],[105.902611,33.556222],[105.871198,33.511325],[105.842248,33.489866],[105.827466,33.379993],[105.709822,33.382991],[105.799133,33.258471],[105.965436,33.204407],[105.968516,33.154318],[105.93156,33.178365],[105.897067,33.146803],[105.923552,33.147805],[105.934639,33.112221],[105.914929,33.066092],[105.926632,33.042517],[105.917393,32.993841],[105.861959,32.939112],[105.590329,32.87681],[105.565692,32.906962],[105.528119,32.919019],[105.414171,32.922034],[105.408011,32.885857],[105.38091,32.876307],[105.448663,32.732946],[105.297758,32.656897],[105.263265,32.652362],[105.219534,32.666469],[105.215222,32.63674],[105.185041,32.617587],[105.111128,32.593893],[105.0791,32.637244],[105.026745,32.650346],[104.925115,32.607505],[104.881999,32.600951],[104.845659,32.653873],[104.820405,32.662943],[104.795768,32.643292],[104.739717,32.635228],[104.696601,32.673522],[104.643015,32.661935],[104.592508,32.695685],[104.582653,32.722374],[104.458849,32.748551],[104.363994,32.822511],[104.294393,32.835586],[104.277147,32.90244],[104.288234,32.942628],[104.345516,32.940117],[104.378161,32.953174],[104.383704,32.994343],[104.426204,33.010906],[104.391711,33.035493],[104.337509,33.038002],[104.378161,33.109214],[104.303632,33.304499],[104.333813,33.315502],[104.386168,33.298497],[104.420045,33.327004],[104.373849,33.345004],[104.292545,33.336505],[104.272219,33.391486],[104.22048,33.404477],[104.155191,33.542755],[104.176749,33.5996],[104.103452,33.663381],[104.046169,33.686291],[103.778236,33.658898],[103.593454,33.716164],[103.563889,33.699735],[103.552186,33.671351],[103.520157,33.678323],[103.545411,33.719649],[103.518309,33.807213],[103.464723,33.80224],[103.434542,33.752993],[103.35447,33.743539],[103.24976,33.814175],[103.228202,33.79478],[103.165376,33.805721],[103.153673,33.819147],[103.181391,33.900649],[103.120413,33.953286],[103.157369,33.998944],[103.147514,34.036644],[103.119797,34.03466],[103.129652,34.065899],[103.178927,34.079779],[103.121644,34.112487],[103.124108,34.162022],[103.100087,34.181828],[102.973203,34.205588],[102.977515,34.252595],[102.949181,34.292159],[102.911609,34.312923],[102.598712,34.14766],[102.655994,34.113478],[102.649219,34.080275],[102.437336,34.087214],[102.406539,34.033172],[102.392372,33.971651],[102.345561,33.969666],[102.315996,33.993983],[102.136142,33.965199],[102.25317,33.861399],[102.261177,33.821136],[102.243315,33.786823],[102.296286,33.783838],[102.324619,33.754486],[102.284583,33.719151],[102.342481,33.725622],[102.31538,33.665374],[102.346793,33.605582],[102.440416,33.574673],[102.477988,33.543254],[102.446575,33.53228],[102.461358,33.501345],[102.462589,33.449429],[102.447807,33.454922],[102.392988,33.404477],[102.258098,33.409472],[102.218062,33.349503],[102.192192,33.337005],[102.217446,33.247961],[102.200815,33.223434],[102.117047,33.288492],[102.08933,33.227439],[102.08933,33.204908],[101.935345,33.186879],[101.865744,33.103198],[101.825708,33.119239],[101.841723,33.184876],[101.769658,33.26898],[101.877447,33.314502],[101.887302,33.383991],[101.915635,33.425957],[101.946432,33.442937],[101.906396,33.48188],[101.907012,33.539264],[101.884222,33.578163],[101.844186,33.602591],[101.831252,33.554726],[101.783208,33.556721],[101.769042,33.538765],[101.748716,33.505337],[101.718535,33.494857],[101.622448,33.502343],[101.58426,33.674339],[101.501724,33.702723],[101.385312,33.644949],[101.302776,33.657902],[101.23687,33.685793],[101.217776,33.669856],[101.166653,33.659894],[101.190675,33.791796],[101.153102,33.823124],[101.153718,33.8445],[100.994806,33.891707],[100.870386,34.083744],[100.764445,34.178857],[100.821727,34.317371],[100.951074,34.38358],[100.986799,34.374689],[101.054552,34.322808],[101.193754,34.336646],[101.327413,34.24468],[101.492485,34.195689],[101.53868,34.212022],[101.6206,34.178857],[101.718535,34.083249],[101.851578,34.153108],[101.955055,34.109514],[101.965526,34.167469],[102.003099,34.162022],[102.030816,34.190739],[102.01357,34.218456],[102.062229,34.227858],[102.067772,34.293642],[102.149692,34.271885],[102.186649,34.352952],[102.259329,34.355917],[102.155852,34.507456],[102.001867,34.538519],[101.934729,34.58731],[101.916867,34.873561],[101.985852,34.90007],[102.068388,34.887798],[102.048062,34.910868],[102.094874,34.986901],[102.29567,35.071681],[102.310452,35.128967],[102.346793,35.164201],[102.404075,35.179366],[102.365887,35.235599],[102.370199,35.263946],[102.3123,35.282512],[102.280887,35.303028],[102.311684,35.31426],[102.317844,35.343067],[102.287663,35.36552],[102.293822,35.424063],[102.314764,35.434303],[102.408387,35.409431],[102.447807,35.437229],[102.503241,35.585322],[102.743458,35.494745],[102.782878,35.527871],[102.729291,35.523487],[102.746537,35.545403],[102.808747,35.560496],[102.686175,35.771996],[102.787189,35.862745],[102.94487,35.829757],[102.968276,36.044414],[102.932551,36.048285],[102.882044,36.082632],[102.941174,36.104877],[102.986754,36.193312],[103.048964,36.199107],[103.066826,36.216974],[102.896827,36.331803],[102.845704,36.331803],[102.771791,36.47438],[102.793349,36.497957],[102.753313,36.525855],[102.734219,36.562396],[102.761936,36.568645],[102.630741,36.650793],[102.601176,36.710307],[102.720052,36.767858],[102.56114,36.91968],[102.450271,36.968467],[102.506321,37.019134],[102.488459,37.078362],[102.583314,37.104618],[102.642444,37.099845],[102.599944,37.174748],[102.457662,37.248147],[102.428097,37.308624],[102.103497,37.482641],[102.131214,37.54625],[102.102265,37.582304],[102.035128,37.627819],[102.048678,37.651515],[102.036359,37.685149],[101.998787,37.724921],[101.946432,37.728235],[101.815853,37.654357],[101.791832,37.696041],[101.659405,37.733441],[101.670491,37.754264],[101.598427,37.827569],[101.551615,37.835604],[101.459224,37.86632],[101.382848,37.822369],[101.362522,37.791162],[101.276906,37.83655],[101.202994,37.84742],[101.103211,37.946593],[100.895024,38.013107],[100.93814,38.16007],[100.913502,38.17889],[100.860531,38.148305],[100.71517,38.253652],[100.619083,38.26587],[100.595061,38.242372],[100.474953,38.288891],[100.459555,38.2654],[100.432453,38.275267],[100.424446,38.307208],[100.396729,38.293118],[100.318505,38.329276],[100.331439,38.337257],[100.301874,38.388405],[100.259374,38.366355],[100.24028,38.441861],[100.064122,38.518694],[100.025933,38.507923],[100.001296,38.467169],[100.163904,38.328337],[100.159592,38.291239],[100.182998,38.222158],[100.126332,38.231561],[100.117093,38.253652],[100.071513,38.284663],[99.65945,38.449361],[99.52887,38.546314],[99.501769,38.612281],[99.450646,38.60433],[99.361951,38.718354],[99.068764,38.896968],[99.071843,38.921184],[99.107568,38.951907],[99.054597,38.97657],[98.951735,38.987735],[98.816845,39.085818],[98.743548,39.086747],[98.584635,38.93003],[98.526737,38.95563],[98.457752,38.952838],[98.383839,39.029588],[98.316702,39.040744],[98.280977,39.027263],[98.242173,38.880664],[98.167645,38.840121],[98.091884,38.786495],[98.009348,38.85923],[97.701379,38.963076],[97.679205,39.010524],[97.347213,39.167528],[96.962251,39.198144],[97.012142,39.142004],[96.969643,39.097895],[96.940693,38.90768],[97.023229,38.755699],[97.009063,38.702477],[97.057722,38.67258],[97.047251,38.653888],[97.055874,38.594508],[96.961019,38.558015],[96.7941,38.608072],[96.780549,38.504177],[96.706637,38.505582],[96.6666,38.483567],[96.707868,38.459203],[96.698013,38.422172],[96.626564,38.356031],[96.665369,38.23015],[96.46334,38.277616],[96.378341,38.277146],[96.335841,38.246132],[96.301964,38.183124],[96.313051,38.161952],[96.264392,38.145952],[96.06606,38.173245],[95.89606,38.2903],[95.852945,38.287481],[95.83693,38.344298],[95.703887,38.400131],[95.51849,38.294997],[95.487693,38.314721],[95.455664,38.291709],[95.259179,38.302981],[95.122441,38.417014],[94.973999,38.430142],[94.56132,38.351807],[94.527443,38.365416],[94.527443,38.425922],[94.511429,38.445142],[94.370379,38.7627],[93.885018,38.720689],[93.800019,38.750566],[93.773533,38.771099],[93.756287,38.807484],[93.769838,38.821007],[93.884403,38.826136],[93.884403,38.867618],[93.834511,38.867618],[93.729186,38.924443],[93.453245,38.915596],[93.274007,38.896036],[93.237666,38.916062],[93.179152,38.923977],[93.198246,39.045857],[93.165601,39.090928],[93.131725,39.108112],[93.142196,39.160567],[93.115094,39.17959],[93.043029,39.146645],[92.978356,39.143396],[92.938936,39.169848],[92.889045,39.160103],[92.866871,39.138754],[92.545966,39.111362],[92.41046,39.03842],[92.366728,39.059335],[92.339011,39.236628],[92.378431,39.258411],[92.52564,39.368611],[92.639589,39.514196],[92.796654,40.153897],[92.906907,40.310609],[92.920458,40.391792],[92.928465,40.572504],[93.506216,40.648376],[93.760599,40.664721],[93.820961,40.793519],[93.809874,40.879548],[93.908424,40.983539],[94.01067,41.114875],[94.184365,41.268444],[94.534219,41.505966],[94.750413,41.538227],[94.809543,41.619256],[94.861898,41.668451],[95.135991,41.772976],[95.299831,41.565994],[95.335556,41.644305],[95.57146,41.796181],[95.855408,41.849699],[95.998306,41.906289],[96.054973,41.936124],[96.117183,41.985966],[96.137509,42.019765],[96.13874,42.05399],[96.077147,42.149457],[96.178161,42.21775],[96.040806,42.326688],[96.042038,42.352787],[96.06606,42.414674],[95.978596,42.436762],[96.0174,42.482239],[96.02356,42.542675],[96.072219,42.569566],[96.103632,42.604375],[96.166458,42.623314],[96.386348,42.727592],[96.742361,42.75704],[96.968411,42.756161],[97.172903,42.795257],[97.84674,41.656379],[97.613915,41.477276],[97.629314,41.440498],[97.903407,41.168057],[97.971776,41.09774],[98.333332,40.918903],[98.344419,40.568413],[98.627751,40.677884],[98.569853,40.746836],[98.668403,40.773128],[98.689345,40.691952],[98.802678,40.607043],[98.80699,40.660181],[98.790975,40.705564],[98.984996,40.782644],[99.041662,40.693767],[99.102025,40.676522],[99.12543,40.715091],[99.172858,40.747289],[99.174705,40.858278],[99.565827,40.846961],[99.673,40.93292],[99.985897,40.909858],[100.057346,40.908049],[100.107853,40.875475],[100.224882,40.727337],[100.237201,40.716905],[100.242744,40.618855],[100.169447,40.541131],[100.169447,40.277743],[100.007455,40.20008],[99.955716,40.150695],[99.927383,40.063727],[99.841152,40.013326],[99.751225,40.006909],[99.714268,39.972061],[99.533182,39.891753],[99.440791,39.885783],[99.822058,39.860063],[99.904593,39.785601],[100.250135,39.685274],[100.314193,39.606935],[100.301258,39.572345],[100.326512,39.509118],[100.44354,39.485565],[100.500823,39.481408],[100.498975,39.400527],[100.842053,39.405614],[100.842669,39.199999],[100.864227,39.106719],[100.829118,39.075133],[100.835278,39.025869],[100.961545,39.005874],[100.969553,38.946788],[101.117378,38.975174],[101.228863,39.020754],[101.198682,38.943064],[101.237486,38.907214],[101.24303,38.860628],[101.33542,38.847113],[101.34158,38.822406],[101.307087,38.80282],[101.331109,38.777164],[101.412413,38.764099],[101.562702,38.713218],[101.601506,38.65529],[101.672955,38.6908],[101.777049,38.66043],[102.075164,38.891378],[101.833715,39.08907],[101.902701,39.111827],[102.45335,39.255167],[102.579002,39.183301],[102.616574,39.171703],[102.883892,39.120649],[103.007696,39.099753],[103.344615,39.331588],[103.85338,39.461543],[103.955626,39.456923],[104.089901,39.419947],[104.073271,39.351953],[104.047401,39.297788],[104.171205,39.160567],[104.207546,39.083495],[104.190915,39.042139],[104.196459,38.9882],[104.173053,38.94446],[104.044322,38.895105],[104.011677,38.85923],[103.85954,38.64454],[103.416063,38.404821],[103.465339,38.353215],[103.507838,38.280905],[103.53494,38.156776],[103.368636,38.08898],[103.362477,38.037621],[103.40744,37.860651],[103.627947,37.797783],[103.683381,37.777919],[103.841062,37.64725],[103.874938,37.604117],[104.183524,37.406618],[104.437907,37.445589],[104.679971,37.408044],[104.662109,37.367626],[104.713848,37.329566],[104.624536,37.298627],[104.600515,37.242907],[104.638087,37.201923],[104.717543,37.208597],[104.776673,37.246718],[104.85613,37.211933],[104.95468,37.040156],[105.165331,36.99476],[105.185657,36.942164],[105.178882,36.892403],[105.244787,36.894796],[105.334714,36.80093],[105.340874,36.764502],[105.319932,36.742924],[105.275584,36.752515],[105.201056,36.700711],[105.2762,36.563358],[105.252179,36.553263],[105.362432,36.496514],[105.401236,36.369881],[105.476381,36.293224],[105.45975,36.268137],[105.460366,36.223733],[105.478844,36.213111],[105.515185,36.147415],[105.491163,36.101009],[105.430801,36.10391],[105.406163,36.074409],[105.343954,36.033767],[105.324859,35.941761],[105.350113,35.875839],[105.39754,35.857409],[105.371055,35.844312],[105.38091,35.792873],[105.408627,35.822479],[105.428953,35.819082],[105.481924,35.727312],[105.595873,35.715651],[105.667322,35.749657],[105.70243,35.733142],[105.759097,35.724883],[105.690727,35.698643],[105.816379,35.575101],[105.847176,35.490359],[105.868734,35.540046],[105.900147,35.54735],[106.047356,35.498155],[106.048588,35.488898],[105.897683,35.451368],[105.894603,35.413821],[106.071994,35.463555],[106.113262,35.361616],[106.129892,35.393333],[106.173008,35.437716],[106.196414,35.409919],[106.237681,35.409431],[106.241377,35.358687],[106.319601,35.265411],[106.363333,35.238532],[106.368261,35.273718],[106.415688,35.276161],[106.472354,35.310842],[106.501304,35.364056],[106.490217,35.480613],[106.465579,35.481101],[106.440941,35.52641],[106.460036,35.578995],[106.47913,35.575101],[106.460036,35.643705],[106.434782,35.688436],[106.506231,35.737514]]]]}},{"type":"Feature","properties":{"adcode":630000,"name":"青海省","center":[101.778916,36.623178],"centroid":[96.043533,35.726403],"childrenNum":8,"level":"province","parent":{"adcode":100000},"subFeatureIndex":28,"acroutes":[100000]},"geometry":{"type":"MultiPolygon","coordinates":[[[[102.829689,36.365544],[102.836465,36.344819],[102.845704,36.331803],[102.896827,36.331803],[103.066826,36.216974],[103.048964,36.199107],[102.986754,36.193312],[102.941174,36.104877],[102.882044,36.082632],[102.932551,36.048285],[102.968276,36.044414],[102.94487,35.829757],[102.787189,35.862745],[102.686175,35.771996],[102.808747,35.560496],[102.746537,35.545403],[102.729291,35.523487],[102.782878,35.527871],[102.743458,35.494745],[102.503241,35.585322],[102.447807,35.437229],[102.408387,35.409431],[102.314764,35.434303],[102.293822,35.424063],[102.287663,35.36552],[102.317844,35.343067],[102.311684,35.31426],[102.280887,35.303028],[102.3123,35.282512],[102.370199,35.263946],[102.365887,35.235599],[102.404075,35.179366],[102.346793,35.164201],[102.310452,35.128967],[102.29567,35.071681],[102.094874,34.986901],[102.048062,34.910868],[102.068388,34.887798],[101.985852,34.90007],[101.916867,34.873561],[101.934729,34.58731],[102.001867,34.538519],[102.155852,34.507456],[102.259329,34.355917],[102.186649,34.352952],[102.149692,34.271885],[102.067772,34.293642],[102.062229,34.227858],[102.01357,34.218456],[102.030816,34.190739],[102.003099,34.162022],[101.965526,34.167469],[101.955055,34.109514],[101.851578,34.153108],[101.836795,34.124378],[101.788136,34.131809],[101.764114,34.122892],[101.736397,34.080275],[101.6206,34.178857],[101.327413,34.24468],[101.193754,34.336646],[101.054552,34.322808],[100.986799,34.374689],[100.951074,34.38358],[100.821727,34.317371],[100.764445,34.178857],[100.870386,34.083744],[100.994806,33.891707],[101.153718,33.8445],[101.153102,33.823124],[101.190675,33.791796],[101.166653,33.659894],[101.217776,33.669856],[101.23687,33.685793],[101.302776,33.657902],[101.385312,33.644949],[101.501724,33.702723],[101.58426,33.674339],[101.622448,33.502343],[101.718535,33.494857],[101.777665,33.533776],[101.769042,33.45592],[101.695745,33.433948],[101.663716,33.383991],[101.64955,33.323004],[101.677883,33.297497],[101.735781,33.279987],[101.633535,33.101193],[101.487557,33.226938],[101.403174,33.225436],[101.381616,33.153316],[101.297232,33.262475],[101.217776,33.256469],[101.182668,33.26948],[101.156798,33.236449],[101.124769,33.221431],[101.11553,33.194893],[101.169733,33.10019],[101.143863,33.086151],[101.146327,33.056563],[101.184515,33.041514],[101.171581,33.009902],[101.183899,32.984304],[101.129081,32.989324],[101.134624,32.95217],[101.124153,32.909976],[101.237486,32.825026],[101.22332,32.725898],[101.157414,32.661431],[101.124769,32.658408],[101.077342,32.68259],[100.93198,32.600447],[100.690532,32.678056],[100.71209,32.645307],[100.710242,32.610026],[100.673286,32.628172],[100.661583,32.616075],[100.657887,32.546484],[100.645568,32.526303],[100.603069,32.553547],[100.54517,32.569687],[100.420135,32.73194],[100.378251,32.698707],[100.399193,32.756101],[100.339447,32.719353],[100.258759,32.742511],[100.208252,32.606497],[100.088143,32.668988],[100.139266,32.724388],[100.117093,32.802392],[100.123252,32.837095],[100.064738,32.895907],[100.029629,32.895907],[100.038252,32.929066],[99.956332,32.948152],[99.947709,32.986814],[99.877492,33.045527],[99.877492,32.993339],[99.851007,32.941623],[99.805427,32.940619],[99.788181,32.956689],[99.764159,32.924545],[99.791877,32.883344],[99.766623,32.826032],[99.760464,32.769689],[99.717964,32.732443],[99.700718,32.76667],[99.589233,32.789312],[99.558436,32.839106],[99.45311,32.862233],[99.376118,32.899927],[99.353944,32.885354],[99.268944,32.878318],[99.196263,33.035493],[98.858728,33.150811],[98.804526,33.219428],[98.802062,33.270481],[98.759562,33.276985],[98.779888,33.370497],[98.736157,33.406975],[98.742316,33.477887],[98.725686,33.503341],[98.678258,33.522801],[98.648077,33.548741],[98.61728,33.637476],[98.6567,33.64744],[98.610505,33.682805],[98.582788,33.731595],[98.494092,33.768915],[98.492861,33.796272],[98.463295,33.848477],[98.434962,33.843009],[98.407245,33.867362],[98.440506,33.981577],[98.399854,34.085231],[98.206449,34.08424],[98.028442,34.122892],[97.95453,34.190739],[97.898479,34.209548],[97.8104,34.207568],[97.766668,34.158555],[97.665654,34.126855],[97.70261,34.036644],[97.652719,33.998448],[97.660111,33.956264],[97.629314,33.919523],[97.395257,33.889224],[97.398336,33.848477],[97.371851,33.842015],[97.422974,33.754984],[97.415583,33.605582],[97.450075,33.582152],[97.523372,33.577166],[97.511669,33.520805],[97.552321,33.465906],[97.754349,33.409972],[97.676125,33.341004],[97.622538,33.337005],[97.607756,33.263976],[97.548626,33.203907],[97.487648,33.168346],[97.498119,33.137783],[97.487032,33.107209],[97.517213,33.097683],[97.542466,33.035995],[97.499966,33.011408],[97.523988,32.988822],[97.438372,32.976271],[97.375547,32.956689],[97.347829,32.895907],[97.376163,32.886359],[97.42359,32.70475],[97.730944,32.527312],[97.50243,32.530844],[97.463626,32.55506],[97.448843,32.586833],[97.332431,32.542448],[97.334895,32.514192],[97.388481,32.501575],[97.341054,32.440987],[97.387865,32.427349],[97.424822,32.322723],[97.415583,32.296421],[97.371235,32.273148],[97.32196,32.303503],[97.299786,32.294904],[97.264062,32.182527],[97.271453,32.139971],[97.313953,32.130342],[97.293011,32.096887],[97.308409,32.076605],[97.258518,32.072041],[97.219714,32.109054],[97.201852,32.090296],[97.233881,32.063927],[97.169823,32.032984],[97.006599,32.067984],[96.935766,32.048203],[96.965947,32.008628],[96.941925,31.986297],[96.894498,32.013703],[96.863085,31.996448],[96.868629,31.964975],[96.824281,32.007613],[96.722651,32.013195],[96.81073,31.894375],[96.794716,31.869474],[96.760223,31.860325],[96.765767,31.819144],[96.799027,31.792188],[96.840295,31.720438],[96.790404,31.698545],[96.778701,31.675629],[96.615477,31.737236],[96.56805,31.711783],[96.519391,31.74945],[96.468884,31.769804],[96.389428,31.919777],[96.288414,31.919777],[96.253305,31.929936],[96.220044,31.905553],[96.188632,31.904028],[96.214501,31.876589],[96.178161,31.775401],[96.231131,31.749959],[96.222508,31.733164],[96.252073,31.697527],[96.207726,31.598691],[96.156603,31.602769],[96.148595,31.686324],[96.135661,31.70211],[96.064828,31.720438],[95.989067,31.78761],[95.983524,31.816601],[95.89914,31.81711],[95.823995,31.68225],[95.779648,31.748941],[95.634286,31.782523],[95.511714,31.750468],[95.360809,31.95939],[95.395918,32.001523],[95.454432,32.007613],[95.421171,32.033999],[95.454432,32.061898],[95.440265,32.157705],[95.406389,32.182021],[95.31523,32.148585],[95.270266,32.194683],[95.270266,32.194683],[95.239469,32.287315],[95.241317,32.3207],[95.10581,32.258979],[95.079325,32.279726],[95.096571,32.322217],[95.193274,32.332331],[95.261643,32.348006],[95.228382,32.363678],[95.218527,32.397035],[95.075013,32.376315],[95.057151,32.395014],[94.988166,32.422802],[94.944434,32.404109],[94.912405,32.41573],[94.889616,32.472295],[94.852043,32.463712],[94.80708,32.486431],[94.737479,32.587338],[94.638312,32.645307],[94.614291,32.673522],[94.591501,32.640772],[94.522516,32.595909],[94.459074,32.599439],[94.463386,32.572209],[94.435052,32.562626],[94.395016,32.594397],[94.371611,32.524789],[94.196684,32.51621],[94.176974,32.454117],[94.137554,32.433915],[93.960163,32.484917],[93.90904,32.463207],[93.861613,32.466237],[93.851142,32.50965],[93.820345,32.549511],[93.75136,32.56313],[93.721795,32.578261],[93.651577,32.571705],[93.618933,32.522771],[93.516687,32.47583],[93.4631,32.556069],[93.411977,32.558086],[93.385492,32.525294],[93.239514,32.662439],[93.210565,32.655385],[93.176688,32.6705],[93.069515,32.626156],[93.023935,32.703239],[93.019624,32.737477],[92.866871,32.698203],[92.686401,32.76516],[92.667922,32.73194],[92.634662,32.720863],[92.355641,32.764657],[92.255243,32.720863],[92.198577,32.754591],[92.211511,32.788306],[92.193649,32.801889],[92.227526,32.821003],[92.205352,32.866255],[92.145606,32.885857],[91.955897,32.8205],[91.839484,32.948152],[91.583253,33.0375],[91.55492,33.060074],[91.535826,33.10019],[91.49579,33.109214],[91.436044,33.066092],[91.226624,33.141792],[91.147784,33.07211],[91.072024,33.113224],[90.927894,33.120241],[90.902024,33.083143],[90.88293,33.120241],[90.704308,33.135778],[90.490577,33.264977],[90.405577,33.260473],[90.363077,33.279487],[90.332896,33.310501],[90.246665,33.423959],[90.22018,33.437943],[90.107463,33.460913],[90.088984,33.478885],[90.083441,33.525295],[90.01076,33.553728],[89.984275,33.612061],[90.008296,33.687785],[89.902355,33.758467],[89.942391,33.801246],[89.795181,33.865374],[89.635037,34.049537],[89.656595,34.057966],[89.655979,34.097126],[89.816739,34.16945],[89.838297,34.263477],[89.825362,34.293642],[89.86663,34.324785],[89.799493,34.39642],[89.819819,34.420614],[89.823515,34.455657],[89.814891,34.548871],[89.777935,34.574499],[89.798877,34.628686],[89.74837,34.641981],[89.72558,34.660689],[89.732356,34.732035],[89.799493,34.743838],[89.825978,34.796931],[89.867862,34.81069],[89.78779,34.921664],[89.578987,34.895162],[89.560509,34.938836],[89.59069,35.057965],[89.593153,35.104491],[89.579603,35.118688],[89.519241,35.133862],[89.46935,35.214577],[89.450255,35.223867],[89.48598,35.256616],[89.531559,35.276161],[89.494603,35.298632],[89.516161,35.330862],[89.497067,35.361128],[89.685544,35.416259],[89.739131,35.468429],[89.765,35.482563],[89.699711,35.544916],[89.71203,35.581915],[89.75145,35.580942],[89.765616,35.599922],[89.726196,35.648082],[89.801957,35.848193],[89.550654,35.856924],[89.428082,35.917531],[89.434857,35.992136],[89.404676,36.016827],[89.417611,36.044897],[89.474893,36.022151],[89.605472,36.038123],[89.688624,36.091337],[89.941159,36.067637],[89.944855,36.140649],[89.997825,36.168193],[90.019999,36.213594],[90.028006,36.258486],[90.003369,36.278752],[90.145651,36.239181],[90.130252,36.2078],[90.198006,36.187516],[90.23681,36.160462],[90.659344,36.13485],[90.776373,36.086501],[90.815793,36.035703],[90.850285,36.016827],[90.922966,36.028927],[90.979017,36.106811],[91.081263,36.088436],[91.124994,36.115514],[91.09235,36.163844],[91.096045,36.219871],[91.051698,36.238215],[91.07264,36.299012],[91.026444,36.323607],[91.051698,36.433946],[91.028292,36.443093],[91.039995,36.474861],[91.035683,36.529703],[90.741264,36.585947],[90.72217,36.620058],[90.730793,36.655594],[90.706156,36.658955],[90.720938,36.708868],[90.754815,36.721341],[90.727098,36.755872],[90.732025,36.825844],[90.758511,36.825844],[90.853981,36.915373],[91.036915,36.929727],[91.051698,36.96751],[91.126842,36.978507],[91.133618,37.007665],[91.181045,37.025345],[91.216153,37.010054],[91.303617,37.012444],[91.280211,37.163779],[91.1909,37.205737],[91.194596,37.273868],[91.134849,37.324331],[91.073256,37.475992],[91.019669,37.493088],[90.958075,37.477891],[90.911879,37.519674],[90.865684,37.53059],[90.882314,37.575664],[90.777605,37.648672],[90.519526,37.730601],[90.516446,38.207111],[90.531229,38.319886],[90.401882,38.311434],[90.361846,38.300163],[90.352607,38.233441],[90.280542,38.238142],[90.137644,38.340543],[90.179528,38.396848],[90.129636,38.400131],[90.111774,38.418889],[90.111774,38.477945],[90.130868,38.494341],[90.427135,38.493873],[90.465323,38.521971],[90.463476,38.556611],[90.608837,38.594508],[90.606374,38.610878],[90.645794,38.635191],[90.619308,38.664636],[91.298689,38.746365],[91.446515,38.813546],[91.87952,38.884391],[92.263866,39.002153],[92.380279,38.999828],[92.459119,39.042604],[92.459119,39.063982],[92.489916,39.099753],[92.938936,39.169848],[92.978356,39.143396],[93.043029,39.146645],[93.115094,39.17959],[93.142196,39.160567],[93.131725,39.108112],[93.165601,39.090928],[93.198246,39.045857],[93.179152,38.923977],[93.237666,38.916062],[93.274007,38.896036],[93.453245,38.915596],[93.729186,38.924443],[93.834511,38.867618],[93.884403,38.867618],[93.884403,38.826136],[93.769838,38.821007],[93.756287,38.807484],[93.773533,38.771099],[93.800019,38.750566],[93.885018,38.720689],[94.370379,38.7627],[94.511429,38.445142],[94.527443,38.425922],[94.527443,38.365416],[94.56132,38.351807],[94.973999,38.430142],[95.122441,38.417014],[95.259179,38.302981],[95.455664,38.291709],[95.487693,38.314721],[95.51849,38.294997],[95.703887,38.400131],[95.83693,38.344298],[95.852945,38.287481],[95.89606,38.2903],[96.06606,38.173245],[96.264392,38.145952],[96.313051,38.161952],[96.301964,38.183124],[96.335841,38.246132],[96.378341,38.277146],[96.46334,38.277616],[96.665369,38.23015],[96.626564,38.356031],[96.698013,38.422172],[96.707868,38.459203],[96.6666,38.483567],[96.706637,38.505582],[96.780549,38.504177],[96.7941,38.608072],[96.961019,38.558015],[97.055874,38.594508],[97.047251,38.653888],[97.057722,38.67258],[97.009063,38.702477],[97.023229,38.755699],[96.940693,38.90768],[96.969643,39.097895],[97.012142,39.142004],[96.962251,39.198144],[97.347213,39.167528],[97.679205,39.010524],[97.701379,38.963076],[98.009348,38.85923],[98.091884,38.786495],[98.167645,38.840121],[98.242173,38.880664],[98.280977,39.027263],[98.316702,39.040744],[98.383839,39.029588],[98.457752,38.952838],[98.526737,38.95563],[98.584635,38.93003],[98.743548,39.086747],[98.816845,39.085818],[98.951735,38.987735],[99.054597,38.97657],[99.107568,38.951907],[99.071843,38.921184],[99.068764,38.896968],[99.361951,38.718354],[99.450646,38.60433],[99.501769,38.612281],[99.52887,38.546314],[99.65945,38.449361],[100.071513,38.284663],[100.117093,38.253652],[100.126332,38.231561],[100.182998,38.222158],[100.159592,38.291239],[100.163904,38.328337],[100.001296,38.467169],[100.025933,38.507923],[100.064122,38.518694],[100.24028,38.441861],[100.259374,38.366355],[100.301874,38.388405],[100.331439,38.337257],[100.318505,38.329276],[100.396729,38.293118],[100.424446,38.307208],[100.432453,38.275267],[100.459555,38.2654],[100.474953,38.288891],[100.595061,38.242372],[100.619083,38.26587],[100.71517,38.253652],[100.860531,38.148305],[100.913502,38.17889],[100.93814,38.16007],[100.895024,38.013107],[101.103211,37.946593],[101.202994,37.84742],[101.276906,37.83655],[101.362522,37.791162],[101.382848,37.822369],[101.459224,37.86632],[101.551615,37.835604],[101.598427,37.827569],[101.670491,37.754264],[101.659405,37.733441],[101.791832,37.696041],[101.815853,37.654357],[101.946432,37.728235],[101.998787,37.724921],[102.036359,37.685149],[102.048678,37.651515],[102.035128,37.627819],[102.102265,37.582304],[102.131214,37.54625],[102.103497,37.482641],[102.299981,37.391404],[102.428097,37.308624],[102.490307,37.223371],[102.599944,37.174748],[102.642444,37.099845],[102.583314,37.104618],[102.488459,37.078362],[102.506321,37.019134],[102.450271,36.968467],[102.56114,36.91968],[102.720052,36.767858],[102.601176,36.710307],[102.630741,36.650793],[102.761936,36.568645],[102.734219,36.562396],[102.753313,36.525855],[102.793349,36.497957],[102.771791,36.47438],[102.829689,36.365544]]]]}},{"type":"Feature","properties":{"adcode":640000,"name":"宁夏回族自治区","center":[106.278179,38.46637],"centroid":[106.169866,37.291332],"childrenNum":5,"level":"province","parent":{"adcode":100000},"subFeatureIndex":29,"acroutes":[100000]},"geometry":{"type":"MultiPolygon","coordinates":[[[[107.268764,37.099367],[107.234887,37.096503],[107.181916,37.143269],[107.133873,37.134681],[107.095685,37.115595],[107.030395,37.140883],[107.031011,37.108436],[106.998367,37.106527],[106.905976,37.151378],[106.912135,37.110345],[106.891193,37.098413],[106.818512,37.141838],[106.776012,37.158056],[106.772933,37.120367],[106.750143,37.09889],[106.605397,37.127524],[106.645433,37.064992],[106.666991,37.016745],[106.646665,37.000496],[106.64297,36.962729],[106.594926,36.967988],[106.595542,36.94025],[106.540108,36.984244],[106.657752,36.820575],[106.627571,36.752995],[106.644817,36.72278],[106.59431,36.750118],[106.514238,36.715584],[106.530869,36.690154],[106.490833,36.685835],[106.491448,36.628703],[106.444637,36.624861],[106.465579,36.583063],[106.444637,36.557109],[106.363949,36.577296],[106.523477,36.468605],[106.492064,36.422389],[106.510543,36.379037],[106.497608,36.31348],[106.470507,36.306246],[106.504383,36.266207],[106.54134,36.25366],[106.559202,36.292259],[106.647897,36.259451],[106.685469,36.273445],[106.772933,36.212628],[106.808657,36.21118],[106.833295,36.229044],[106.930613,36.138716],[106.925686,36.115997],[106.957715,36.091337],[106.940468,36.064734],[106.928149,36.011502],[106.94786,35.988262],[106.90228,35.943699],[106.93862,35.952905],[106.940468,35.931101],[106.912751,35.93207],[106.849925,35.887476],[106.927534,35.810346],[106.897353,35.759856],[106.868403,35.771996],[106.867171,35.738485],[106.819128,35.7448],[106.806193,35.70982],[106.750759,35.725369],[106.750759,35.689408],[106.674998,35.728284],[106.66268,35.70739],[106.633115,35.714679],[106.620796,35.743829],[106.506231,35.737514],[106.49268,35.732656],[106.434782,35.688436],[106.460036,35.643705],[106.47913,35.575101],[106.460036,35.578995],[106.440941,35.52641],[106.465579,35.481101],[106.490217,35.480613],[106.501304,35.364056],[106.472354,35.310842],[106.415688,35.276161],[106.368261,35.273718],[106.363333,35.238532],[106.319601,35.265411],[106.241377,35.358687],[106.237681,35.409431],[106.196414,35.409919],[106.173008,35.437716],[106.129892,35.393333],[106.113262,35.361616],[106.071378,35.449418],[106.078769,35.509848],[106.047356,35.498155],[106.023335,35.49377],[106.017175,35.519103],[105.900147,35.54735],[105.868734,35.540046],[105.847176,35.490359],[105.816379,35.575101],[105.690727,35.698643],[105.759097,35.724883],[105.70243,35.733142],[105.667322,35.749657],[105.595873,35.715651],[105.481924,35.727312],[105.428953,35.819082],[105.408627,35.822479],[105.38091,35.792873],[105.371055,35.844312],[105.39754,35.857409],[105.350113,35.875839],[105.324859,35.941761],[105.343954,36.033767],[105.406163,36.074409],[105.430801,36.10391],[105.491163,36.101009],[105.515185,36.147415],[105.478844,36.213111],[105.460366,36.223733],[105.45975,36.268137],[105.476381,36.293224],[105.401236,36.369881],[105.362432,36.496514],[105.252179,36.553263],[105.2762,36.563358],[105.201056,36.700711],[105.275584,36.752515],[105.319932,36.742924],[105.340874,36.764502],[105.334714,36.80093],[105.244787,36.894796],[105.178882,36.892403],[105.185657,36.942164],[105.165331,36.99476],[104.95468,37.040156],[104.85613,37.211933],[104.776673,37.246718],[104.717543,37.208597],[104.638087,37.201923],[104.600515,37.242907],[104.624536,37.298627],[104.713848,37.329566],[104.662109,37.367626],[104.679971,37.408044],[104.437907,37.445589],[104.287002,37.428007],[104.322726,37.44844],[104.407726,37.464592],[104.419429,37.511604],[104.433595,37.515402],[105.027977,37.580881],[105.315004,37.702197],[105.598952,37.699356],[105.616199,37.722555],[105.622358,37.777919],[105.677177,37.771769],[105.760944,37.799674],[105.840401,38.004147],[105.780655,38.084741],[105.76772,38.121474],[105.775111,38.186887],[105.86627,38.296406],[105.821307,38.366824],[105.874277,38.593105],[105.852719,38.641735],[105.909386,38.791159],[105.992538,38.857366],[105.97098,38.909077],[106.021487,38.953769],[106.060907,38.96866],[106.145907,39.153142],[106.285109,39.146181],[106.29558,39.167992],[106.280181,39.262118],[106.402753,39.291767],[106.511774,39.272311],[106.602318,39.37555],[106.643586,39.357969],[106.683622,39.357506],[106.751375,39.381564],[106.781556,39.371849],[106.806809,39.318625],[106.795723,39.214375],[106.825288,39.19397],[106.859164,39.107648],[106.96757,39.054688],[106.971881,39.026333],[106.954019,38.941202],[106.709491,38.718821],[106.66268,38.601524],[106.647897,38.470917],[106.599854,38.389812],[106.482209,38.319417],[106.555506,38.263521],[106.627571,38.232501],[106.942316,38.132302],[107.19054,38.153953],[107.440611,37.995659],[107.411662,37.948009],[107.448618,37.933378],[107.49235,37.944706],[107.659269,37.844112],[107.646335,37.805349],[107.620465,37.776026],[107.499125,37.765619],[107.484959,37.706458],[107.425828,37.684201],[107.387024,37.691305],[107.389488,37.671413],[107.422133,37.665254],[107.361155,37.613125],[107.311264,37.609806],[107.330358,37.584201],[107.369162,37.58752],[107.345756,37.518725],[107.284162,37.481691],[107.282931,37.437036],[107.257677,37.337179],[107.273075,37.29101],[107.309416,37.239095],[107.270612,37.229089],[107.317423,37.200017],[107.336517,37.165687],[107.334669,37.138975],[107.268764,37.099367]]],[[[106.048588,35.488898],[106.054132,35.45478],[105.894603,35.413821],[105.897683,35.451368],[106.048588,35.488898]]]]}},{"type":"Feature","properties":{"adcode":650000,"name":"新疆维吾尔自治区","center":[87.617733,43.792818],"centroid":[85.294711,41.371801],"childrenNum":24,"level":"province","parent":{"adcode":100000},"subFeatureIndex":30,"acroutes":[100000]},"geometry":{"type":"MultiPolygon","coordinates":[[[[96.386348,42.727592],[96.166458,42.623314],[96.103632,42.604375],[96.072219,42.569566],[96.02356,42.542675],[96.0174,42.482239],[95.978596,42.436762],[96.06606,42.414674],[96.042038,42.352787],[96.040806,42.326688],[96.178161,42.21775],[96.077147,42.149457],[96.13874,42.05399],[96.137509,42.019765],[96.117183,41.985966],[96.054973,41.936124],[95.998306,41.906289],[95.855408,41.849699],[95.57146,41.796181],[95.335556,41.644305],[95.299831,41.565994],[95.135991,41.772976],[94.861898,41.668451],[94.809543,41.619256],[94.750413,41.538227],[94.534219,41.505966],[94.184365,41.268444],[94.01067,41.114875],[93.908424,40.983539],[93.809874,40.879548],[93.820961,40.793519],[93.760599,40.664721],[93.506216,40.648376],[92.928465,40.572504],[92.920458,40.391792],[92.906907,40.310609],[92.796654,40.153897],[92.639589,39.514196],[92.52564,39.368611],[92.378431,39.258411],[92.339011,39.236628],[92.366728,39.059335],[92.41046,39.03842],[92.416003,39.010524],[92.380279,38.999828],[92.263866,39.002153],[91.87952,38.884391],[91.446515,38.813546],[91.298689,38.746365],[90.724634,38.658094],[90.65996,38.674449],[90.619308,38.664636],[90.645794,38.635191],[90.606374,38.610878],[90.608837,38.594508],[90.463476,38.556611],[90.465323,38.521971],[90.427135,38.493873],[90.111774,38.477945],[90.111774,38.418889],[90.129636,38.400131],[90.179528,38.396848],[90.137644,38.340543],[90.280542,38.238142],[90.352607,38.233441],[90.361846,38.300163],[90.401882,38.311434],[90.531229,38.319886],[90.516446,38.207111],[90.519526,37.730601],[90.777605,37.648672],[90.882314,37.575664],[90.865684,37.53059],[90.911879,37.519674],[90.958075,37.477891],[91.019669,37.493088],[91.073256,37.475992],[91.134849,37.324331],[91.194596,37.273868],[91.1909,37.205737],[91.280211,37.163779],[91.303617,37.012444],[91.216153,37.010054],[91.181045,37.025345],[91.133618,37.007665],[91.126842,36.978507],[91.051698,36.96751],[91.036915,36.929727],[90.853981,36.915373],[90.758511,36.825844],[90.732025,36.825844],[90.727098,36.755872],[90.754815,36.721341],[90.720938,36.708868],[90.706156,36.658955],[90.730793,36.655594],[90.72217,36.620058],[90.741264,36.585947],[91.035683,36.529703],[91.039995,36.474861],[91.028292,36.443093],[91.051698,36.433946],[91.026444,36.323607],[91.07264,36.299012],[91.051698,36.238215],[91.096045,36.219871],[91.09235,36.163844],[91.124994,36.115514],[91.081263,36.088436],[90.979017,36.106811],[90.922966,36.028927],[90.850285,36.016827],[90.815793,36.035703],[90.776373,36.086501],[90.659344,36.13485],[90.23681,36.160462],[90.198006,36.187516],[90.130252,36.2078],[90.145651,36.239181],[90.058188,36.255591],[90.043405,36.276822],[90.003369,36.278752],[90.028006,36.258486],[90.019999,36.213594],[89.997825,36.168193],[89.944855,36.140649],[89.941159,36.067637],[89.766848,36.073925],[89.490291,36.151281],[89.375727,36.228078],[89.335075,36.23725],[89.292575,36.231457],[89.232213,36.295636],[89.198952,36.260417],[89.126887,36.254626],[88.964279,36.318785],[88.926091,36.36458],[88.802903,36.33807],[88.783809,36.291777],[88.766563,36.292259],[88.690186,36.367954],[88.623665,36.389636],[88.618121,36.428168],[88.573158,36.461386],[88.498629,36.446463],[88.470912,36.48208],[88.241782,36.468605],[88.134609,36.427205],[87.983088,36.437797],[87.95845,36.408423],[87.919646,36.39349],[87.570409,36.342409],[87.470626,36.354459],[87.460155,36.409868],[87.426895,36.42576],[87.386859,36.412757],[87.363453,36.420463],[87.348055,36.393008],[87.292004,36.358797],[87.193454,36.349158],[87.161425,36.325535],[87.149106,36.297565],[86.996353,36.308658],[86.887332,36.262829],[86.86331,36.299977],[86.836209,36.291294],[86.746282,36.291777],[86.69947,36.24449],[86.515305,36.205385],[86.454943,36.221319],[86.187625,36.130983],[86.182081,36.064734],[86.199944,36.047801],[86.05335,35.842857],[86.035488,35.846738],[85.949256,35.778794],[85.691178,35.751114],[85.65299,35.731199],[85.612953,35.651486],[85.566142,35.6403],[85.518715,35.680658],[85.373969,35.700101],[85.341324,35.753543],[85.271107,35.788989],[85.146071,35.742371],[85.053065,35.752086],[84.729081,35.613546],[84.448828,35.550272],[84.475929,35.516181],[84.45314,35.473303],[84.160569,35.359663],[84.140859,35.379184],[84.095895,35.362592],[84.077417,35.400163],[84.005968,35.422599],[83.906186,35.40309],[83.885244,35.367472],[83.622238,35.335256],[83.251442,35.417722],[83.178145,35.38943],[83.127022,35.398699],[83.088834,35.425526],[83.067892,35.46258],[82.998907,35.484512],[82.967494,35.667532],[82.795031,35.688436],[82.780249,35.666073],[82.731589,35.637868],[82.652133,35.67288],[82.628727,35.692324],[82.468583,35.717595],[82.424852,35.712736],[82.392823,35.656349],[82.336156,35.651486],[82.350323,35.611113],[82.328149,35.559523],[82.034346,35.451855],[82.029419,35.426013],[82.05344,35.35039],[82.030034,35.321585],[81.99123,35.30547],[81.955506,35.307423],[81.927789,35.271275],[81.68634,35.235599],[81.513261,35.23511],[81.441196,35.333303],[81.385762,35.335256],[81.363588,35.354783],[81.219458,35.319144],[81.191741,35.36552],[81.142466,35.365032],[81.103662,35.386015],[81.09935,35.40748],[81.054387,35.402602],[81.031597,35.380648],[81.030981,35.337209],[81.002648,35.334768],[81.026053,35.31133],[80.963844,35.310842],[80.844351,35.345508],[80.759968,35.334768],[80.689135,35.339162],[80.690982,35.364544],[80.65649,35.393821],[80.514824,35.391869],[80.444607,35.417235],[80.432904,35.449418],[80.375006,35.387966],[80.321419,35.38699],[80.286926,35.35283],[80.267832,35.295701],[80.362687,35.20871],[80.257977,35.203331],[80.223484,35.177409],[80.23026,35.147565],[80.031311,35.034447],[80.034391,34.902033],[80.003594,34.895162],[79.996819,34.856375],[79.961094,34.862759],[79.926602,34.849499],[79.947544,34.821008],[79.898268,34.732035],[79.906892,34.683821],[79.866856,34.671517],[79.88595,34.642965],[79.84345,34.55725],[79.861312,34.528166],[79.801566,34.478847],[79.735661,34.471447],[79.699936,34.477861],[79.675914,34.451216],[79.58106,34.456151],[79.545335,34.476381],[79.241677,34.415183],[79.179467,34.422588],[79.161605,34.441345],[79.0107,34.399877],[79.048888,34.348506],[79.039649,34.33467],[78.973128,34.362833],[78.958961,34.386049],[78.899831,34.354929],[78.742766,34.45467],[78.758781,34.481807],[78.715049,34.502031],[78.708274,34.522249],[78.634977,34.538026],[78.58139,34.505483],[78.542586,34.574499],[78.492695,34.578441],[78.436029,34.543942],[78.427405,34.594207],[78.280812,34.623269],[78.265413,34.651335],[78.267261,34.705472],[78.213059,34.717771],[78.237696,34.882398],[78.206283,34.891726],[78.182262,34.936874],[78.201972,34.974642],[78.160704,34.990823],[78.123131,35.036897],[78.150849,35.069721],[78.124979,35.108407],[78.078784,35.100084],[78.062769,35.114772],[78.060306,35.180344],[78.01719,35.228267],[78.020885,35.315237],[78.013494,35.366008],[78.140378,35.494745],[78.048603,35.491334],[78.029509,35.469404],[77.917408,35.490847],[77.914944,35.465017],[77.816394,35.518616],[77.690742,35.448443],[77.657481,35.477689],[77.639619,35.45478],[77.518895,35.482075],[77.451758,35.46063],[77.396939,35.467942],[77.307628,35.540533],[77.195527,35.519103],[77.093281,35.569746],[77.072339,35.591162],[76.906651,35.615005],[76.848753,35.668018],[76.769297,35.653917],[76.69292,35.747714],[76.593754,35.771996],[76.566037,35.819082],[76.59745,35.895718],[76.55803,35.923347],[76.431762,35.851589],[76.369552,35.86323],[76.365857,35.82442],[76.160133,35.82442],[76.146582,35.839946],[76.16506,35.908807],[76.117017,35.975186],[76.097307,36.022635],[75.982742,36.031347],[75.949482,36.070056],[75.936547,36.13485],[75.96796,36.159013],[76.016619,36.165294],[76.011691,36.229044],[76.060967,36.225182],[75.991365,36.35205],[76.035097,36.409386],[75.991981,36.505654],[75.924228,36.566242],[75.947018,36.590752],[75.871257,36.666636],[75.634121,36.771693],[75.588541,36.762584],[75.537418,36.773131],[75.536802,36.729975],[75.504773,36.743404],[75.458578,36.720861],[75.425933,36.778883],[75.434556,36.83303],[75.430245,36.873255],[75.396368,36.904367],[75.413614,36.954599],[75.032348,37.016745],[74.893762,36.939772],[74.84695,37.056873],[74.739161,37.028212],[74.70898,37.084569],[74.56793,37.032512],[74.530357,37.082182],[74.498944,37.072155],[74.496481,37.116072],[74.465068,37.147085],[74.511263,37.240048],[74.642458,37.261485],[74.665864,37.23576],[74.727458,37.282916],[74.816153,37.216699],[74.911008,37.233378],[74.927022,37.277678],[75.125971,37.322427],[75.140137,37.355258],[75.129666,37.459367],[75.090862,37.486915],[75.078543,37.511129],[75.035428,37.500685],[75.002167,37.511604],[75.000935,37.53059],[74.940573,37.559061],[74.891914,37.668097],[75.006478,37.770823],[74.989848,37.797783],[74.917167,37.845057],[74.92579,38.01735],[74.879595,38.021122],[74.821697,38.10311],[74.80445,38.167128],[74.789668,38.324581],[74.834015,38.361193],[74.868508,38.403883],[74.862965,38.484035],[74.639995,38.599653],[74.421952,38.647812],[74.147859,38.676785],[74.068403,38.585621],[74.090577,38.542102],[74.034526,38.541634],[74.011736,38.52478],[73.926121,38.536016],[73.89902,38.579071],[73.852208,38.584217],[73.799237,38.610878],[73.809092,38.634256],[73.757353,38.719755],[73.769056,38.775765],[73.729636,38.837324],[73.699455,38.857832],[73.70931,38.893241],[73.742571,38.933754],[73.767824,38.941202],[73.826339,38.916993],[73.846665,38.962145],[73.839889,39.008199],[73.820179,39.041674],[73.780143,39.026798],[73.743187,39.029588],[73.639709,39.220402],[73.542391,39.269531],[73.554709,39.295935],[73.554094,39.350102],[73.502355,39.383877],[73.592898,39.412087],[73.61076,39.465702],[73.868223,39.482794],[73.916266,39.586644],[73.953838,39.600018],[73.924273,39.722108],[73.905795,39.741899],[73.841737,39.756163],[73.845433,39.831115],[73.907027,39.873843],[73.910722,39.934443],[73.980324,40.004617],[73.943367,40.016076],[74.008041,40.050901],[74.023439,40.085251],[74.26304,40.125074],[74.356662,40.089371],[74.577169,40.260391],[74.618437,40.27957],[74.673255,40.278656],[74.697893,40.310153],[74.700357,40.346195],[74.908544,40.338897],[74.795211,40.443278],[74.844486,40.521117],[74.995392,40.455119],[75.242383,40.448743],[75.599628,40.659727],[75.636584,40.624306],[75.646439,40.516567],[75.733287,40.474242],[75.669845,40.363982],[75.688323,40.343915],[75.709265,40.280939],[75.831221,40.327492],[75.921764,40.291439],[75.932235,40.339353],[75.986438,40.381763],[76.026474,40.355317],[76.081293,40.39635],[76.144118,40.393615],[76.176147,40.381307],[76.22419,40.401819],[76.279625,40.439179],[76.333212,40.343459],[76.539551,40.464226],[76.543247,40.513837],[76.556798,40.542495],[76.657196,40.620218],[76.654732,40.652917],[76.676906,40.696036],[76.646725,40.73686],[76.646725,40.759983],[76.693536,40.779472],[76.731724,40.818887],[76.741579,40.912119],[76.761905,40.954167],[76.817956,40.975406],[76.85368,40.97631],[76.885709,41.027347],[76.940528,41.028701],[77.002122,41.073381],[77.023064,41.059394],[77.091433,41.062553],[77.108063,41.038181],[77.169041,41.009285],[77.236795,41.027798],[77.296541,41.004769],[77.363062,41.04089],[77.591576,40.992122],[77.780669,41.022832],[77.796068,41.049014],[77.829328,41.059394],[77.807155,41.091876],[77.814546,41.13426],[77.836104,41.153189],[78.129291,41.228398],[78.163783,41.383497],[78.385522,41.394721],[78.580774,41.481759],[78.650375,41.467411],[78.696571,41.54181],[78.739071,41.555695],[78.825302,41.560173],[78.957729,41.65146],[79.21704,41.725648],[79.326061,41.809565],[79.776313,41.89248],[79.852689,42.015319],[79.923522,42.042436],[80.089826,42.047325],[80.14218,42.03488],[80.193303,42.081535],[80.16805,42.096635],[80.139717,42.151232],[80.163738,42.152563],[80.168666,42.200462],[80.233339,42.210215],[80.28631,42.233261],[80.29247,42.259842],[80.206238,42.431462],[80.225948,42.485769],[80.265368,42.502097],[80.163738,42.629919],[80.179753,42.670415],[80.228412,42.692852],[80.262289,42.828623],[80.407034,42.834767],[80.602903,42.894424],[80.378701,43.031502],[80.593048,43.133347],[80.79446,43.137277],[80.804315,43.178314],[80.777214,43.308227],[80.69283,43.32042],[80.686055,43.333916],[80.761199,43.446554],[80.75504,43.494329],[80.522215,43.816473],[80.449534,44.078017],[80.3941,44.127009],[80.413194,44.264741],[80.350368,44.484615],[80.411962,44.605321],[80.400259,44.628751],[80.200695,44.756808],[80.169898,44.84471],[79.999283,44.793768],[79.991891,44.830281],[79.953703,44.849377],[79.969102,44.877797],[79.887798,44.90917],[80.111999,45.052675],[80.24381,45.031532],[80.291854,45.06578],[80.328194,45.070007],[80.358375,45.040836],[80.493882,45.127037],[80.519135,45.108878],[80.599207,45.105921],[80.686055,45.129148],[80.731634,45.156164],[80.897938,45.127459],[80.93551,45.160384],[81.080872,45.182745],[81.111669,45.218168],[81.437501,45.28263],[81.462754,45.264099],[81.575471,45.30789],[81.582863,45.336503],[81.78797,45.3836],[81.921013,45.233342],[81.993078,45.237978],[82.052824,45.255674],[82.09594,45.249776],[82.091012,45.222383],[82.109491,45.211422],[82.206809,45.236713],[82.294272,45.247669],[82.344779,45.219011],[82.487061,45.181058],[82.562822,45.204676],[82.58746,45.224069],[82.60101,45.346178],[82.546808,45.426038],[82.448257,45.461309],[82.281954,45.53891],[82.266555,45.620172],[82.288729,45.655321],[82.289961,45.71636],[82.340468,45.772742],[82.342932,45.935303],[82.401446,45.972333],[82.461808,45.97982],[82.518474,46.153798],[82.609017,46.294985],[82.726662,46.494756],[82.829524,46.772551],[82.878183,46.797138],[83.02724,47.21544],[83.108544,47.221944],[83.15474,47.236168],[83.257602,47.173147],[83.370318,47.178436],[83.418978,47.119012],[83.463325,47.132042],[83.576042,47.059114],[83.932671,46.970161],[84.425422,47.008943],[84.506726,46.97302],[84.748175,47.009759],[84.95513,46.861013],[84.979768,46.883106],[84.987159,46.918272],[85.082014,46.939933],[85.276651,47.068898],[85.325926,47.044842],[85.545816,47.057891],[85.547048,47.096609],[85.582772,47.142626],[85.641903,47.18413],[85.682555,47.222757],[85.682555,47.249982],[85.701033,47.28856],[85.675779,47.321837],[85.701649,47.384275],[85.685018,47.428829],[85.614801,47.498015],[85.531649,48.046227],[85.587084,48.191654],[85.791576,48.418954],[86.225813,48.432456],[86.270161,48.452307],[86.305269,48.491984],[86.38103,48.49357],[86.416138,48.481671],[86.579978,48.538763],[86.640956,48.629027],[86.780774,48.731369],[86.754289,48.78463],[86.821426,48.850439],[86.782006,48.887049],[86.757985,48.894919],[86.730267,48.959797],[86.732115,48.994757],[86.772151,49.02773],[86.836209,49.051269],[86.887948,49.132001],[87.112766,49.15549],[87.43675,49.075188],[87.511894,49.10184],[87.49588,49.132001],[87.517438,49.145704],[87.821096,49.173883],[87.867291,49.108892],[87.835263,49.054406],[87.911639,48.979833],[87.760118,48.925992],[87.742256,48.881146],[87.78106,48.872094],[87.826639,48.800795],[88.090877,48.71992],[87.96153,48.599353],[87.973233,48.575997],[88.318159,48.478497],[88.438267,48.393528],[88.523267,48.403461],[88.605803,48.337863],[88.575006,48.277757],[88.638447,48.183674],[88.668628,48.171303],[88.700657,48.180881],[88.824461,48.107005],[88.939026,48.115396],[89.078228,47.98698],[89.156452,47.996992],[89.231597,47.98017],[89.38127,48.046227],[89.498299,48.02822],[89.569132,48.037825],[89.651052,47.913627],[89.735435,47.89758],[89.761921,47.835751],[89.86971,47.834144],[89.957789,47.842982],[89.960253,47.885942],[90.040941,47.874704],[90.066195,47.883534],[90.07605,47.777469],[90.13518,47.723147],[90.384635,47.644179],[90.346447,47.637324],[90.468403,47.497611],[90.468403,47.404937],[90.507823,47.400076],[90.526301,47.379007],[90.488113,47.317374],[90.521374,47.2845],[90.56141,47.206903],[90.767134,46.992617],[90.830575,46.995883],[90.901408,46.960768],[90.958075,46.879425],[90.942676,46.82581],[91.054161,46.717598],[91.036299,46.670393],[91.017821,46.58244],[91.068328,46.579149],[91.079415,46.558989],[90.983328,46.374734],[90.900177,46.31235],[91.021517,46.121038],[91.014741,46.06667],[91.028292,46.023054],[90.714779,45.728895],[90.676591,45.582488],[90.671047,45.487747],[90.723402,45.464667],[90.772677,45.432338],[90.804706,45.29484],[90.897713,45.249776],[90.866916,45.209314],[90.881698,45.192025],[91.129922,45.21606],[91.242023,45.13717],[91.33503,45.129571],[91.37753,45.11099],[91.429268,45.156586],[91.448978,45.156586],[91.500101,45.103809],[91.561695,45.075501],[92.056911,45.086911],[92.100026,45.081417],[92.240461,45.015881],[92.501003,45.001072],[92.884117,45.046756],[92.922921,45.03703],[92.932776,45.017573],[93.509296,44.968055],[94.215162,44.667921],[94.329727,44.582734],[94.359292,44.515775],[94.390705,44.521749],[94.470777,44.509373],[94.557008,44.462408],[94.606283,44.448311],[94.673421,44.397021],[94.722696,44.34055],[94.945666,44.292592],[94.998637,44.253169],[95.41378,44.298589],[95.43041,44.281882],[95.4107,44.245024],[95.376208,44.227444],[95.326932,44.028554],[95.527113,44.007466],[95.857872,43.417436],[95.880046,43.28035],[95.921314,43.229789],[96.363558,42.900562],[96.386348,42.727592]]]]}},{"type":"Feature","properties":{"adcode":710000,"name":"台湾省","center":[121.509062,25.044332],"centroid":[120.971485,23.749452],"childrenNum":0,"level":"province","parent":{"adcode":100000},"subFeatureIndex":31,"acroutes":[100000]},"geometry":{"type":"MultiPolygon","coordinates":[[[[120.443706,22.441432],[120.297112,22.531565],[120.274323,22.560307],[120.20041,22.721039],[120.149287,22.896468],[120.133272,23.000625],[120.029795,23.048544],[120.018708,23.073322],[120.081534,23.291728],[120.108019,23.341191],[120.102476,23.701162],[120.175156,23.807427],[120.245989,23.840276],[120.68885,24.600542],[120.89211,24.767482],[120.914899,24.864715],[121.024537,25.040517],[121.209318,25.12724],[121.319572,25.140785],[121.371926,25.159746],[121.413194,25.238806],[121.444607,25.27074],[121.53515,25.307535],[121.585041,25.309159],[121.62323,25.29455],[121.745186,25.161912],[121.917033,25.138076],[121.947214,25.031841],[121.98109,25.030757],[122.012503,25.001471],[121.933047,24.938539],[121.844968,24.836476],[121.88562,24.529784],[121.809243,24.339083],[121.643556,24.097843],[121.63986,24.064514],[121.65957,24.007125],[121.479716,23.322507],[121.440296,23.271937],[121.415042,23.196047],[121.430441,23.137175],[121.409499,23.1025],[121.370695,23.084334],[121.35468,23.00999],[121.324499,22.945526],[121.21055,22.770711],[121.03316,22.650914],[120.914899,22.302525],[120.907508,22.033171],[120.86624,21.984345],[120.873016,21.897191],[120.854537,21.883309],[120.701784,21.927174],[120.667908,21.983235],[120.651277,22.033171],[120.640806,22.241605],[120.569973,22.361757],[120.517619,22.408793],[120.443706,22.441432]]],[[[119.646064,23.550928],[119.609108,23.503738],[119.578927,23.502641],[119.562297,23.530627],[119.566608,23.584937],[119.678093,23.600294],[119.691028,23.547087],[119.646064,23.550928]]],[[[121.510513,22.086972],[121.575802,22.0842],[121.594281,21.995443],[121.533918,22.022076],[121.507433,22.048704],[121.510513,22.086972]]]]}},{"type":"Feature","properties":{"adcode":810000,"name":"香港特别行政区","center":[114.173355,22.320048],"centroid":[114.134357,22.377366],"childrenNum":18,"level":"province","parent":{"adcode":100000},"subFeatureIndex":32,"acroutes":[100000]},"geometry":{"type":"MultiPolygon","coordinates":[[[[114.031778,22.503923],[114.166052,22.559201],[114.232574,22.528801],[114.260291,22.547595],[114.309566,22.497288],[114.340979,22.50337],[114.2529,22.445304],[114.23319,22.466875],[114.205473,22.449729],[114.220255,22.427603],[114.278769,22.435901],[114.325581,22.479041],[114.376088,22.436454],[114.406269,22.433688],[114.394566,22.361757],[114.356994,22.340171],[114.323117,22.385554],[114.322501,22.385554],[114.283081,22.386661],[114.313262,22.264315],[114.284929,22.263761],[114.262139,22.294773],[114.248588,22.274837],[114.265835,22.200608],[114.164821,22.226648],[114.120473,22.272068],[114.145726,22.300864],[114.121089,22.320795],[114.069966,22.326885],[113.996669,22.206149],[113.981271,22.229972],[113.84946,22.191188],[113.8433,22.229418],[113.889496,22.271514],[113.898119,22.308615],[113.969568,22.321349],[113.955401,22.298649],[114.026234,22.34792],[113.920293,22.367845],[113.918445,22.418199],[114.031778,22.503923]]]]}},{"type":"Feature","properties":{"adcode":820000,"name":"澳门特别行政区","center":[113.54909,22.198951],"centroid":[113.566988,22.159307],"childrenNum":8,"level":"province","parent":{"adcode":100000},"subFeatureIndex":33,"acroutes":[100000]},"geometry":{"type":"MultiPolygon","coordinates":[[[[113.554425,22.107489],[113.554425,22.142416],[113.534715,22.174009],[113.53841,22.209473],[113.558736,22.212244],[113.575983,22.194513],[113.6037,22.132438],[113.554425,22.107489]]]]}},{"type":"Feature","properties":{"name":"","adchar":"JD","adcode":"100000_JD"},"geometry":{"type":"MultiPolygon","coordinates":[[[[119.0726757,15.04098494],[119.0521839,15.00781004],[119.0626757,16.05388528],[119.0726757,15.04098494]]],[[[118.68646749,11.18959191],[118.98227119,11.99819697],[118.87459939,11.60747236],[118.87431591,11.606662],[118.70476212,11.18147468],[118.52404181,10.91256595],[118.52518702,10.91547751],[118.68646749,11.18959191]]],[[[112.30705249,3.53487257],[112.85690272,3.74585715],[112.52147408,3.5785908],[111.78690114,3.41687263],[112.30705249,3.53487257]]],[[[108.26055972,6.08912451],[108.19679674,6.53760583],[108.1987683,6.95072469],[108.23327786,7.08584944],[108.21679964,6.53816468],[108.30944469,6.0168187],[108.26055972,6.08912451]]],[[[110.12822847,11.36894451],[110.28485499,11.78705054],[110.32517479,12.24975358],[110.30436343,11.7826124],[110.20728377,11.48189306],[110.07246741,11.24270688],[110.12822847,11.36894451]]],[[[109.82951587,15.22896754],[109.77065019,15.44468789],[109.67264555,15.66561455],[109.29757451,16.21047978],[109.6900529,15.67548445],[109.78974541,15.45068337],[109.8648092,15.15722425],[109.82951587,15.22896754]]]]}}]}